Timestamp,Nama,Usia,Jenis Kelamin,Program Studi,Semester,Seberapa sering Anda mendapatkan dukungan dari keluarga dalam hal akademik?,Bagaimana kondisi ekonomi keluarga Anda mempengaruhi prestasi akademik Anda?,Apakah tingkat pendidikan orang tua Anda mempengaruhi cara Anda belajar?,Berapa jumlah anggota keluarga yang tinggal serumah dengan Anda?,Apakah Anda tinggal bersama kedua orang tua? Ya / Tidak,Seberapa sering Anda berdiskusi tentang masalah akademik dengan orang tua/wali?,Apakah Anda mendapatkan dukungan finansial yang cukup dari keluarga untuk keperluan kuliah?,Apakah keluarga mendukung Anda berkuliah di jurusan yang saat ini Anda jalani?,Seberapa sering Anda berpartisipasi dalam kegiatan organisasi atau ekstrakurikuler?,Seberapa besar pengaruh teman-teman Anda terhadap prestasi akademik Anda?,Apakah Anda merasa tertekan oleh ekspektasi sosial atau kelompok?,Berapa banyak waktu yang Anda habiskan untuk berinteraksi dengan teman sebaya di luar kegiatan kuliah?,Apakah Anda merasa memiliki kelompok pertemanan yang mendukung kegiatan akademik Anda?,Seberapa sering Anda terlibat dalam kegiatan organisasi di luar kampus?,Apakah Anda merasa memiliki cukup waktu luang untuk bersosialisasi dan beristirahat?,Seberapa lengkap fasilitas pembelajaran yang tersedia di kampus Anda?,"Seberapa sering Anda menggunakan fasilitas pembelajaran di kampus (perpustakaan, laboratorium, dll.)?","Seberapa sering Anda mengalami gangguan saat belajar (contoh: kebisingan, kurang nyaman)?",Apakah Anda bekerja sambil kuliah?,"Jika ya, seberapa besar pengaruh pekerjaan Anda terhadap prestasi akademik Anda?","Jika ya, apakah Anda bekerja untuk membiayai kuliah Anda?","Jika tidak, apakah anda mendapatkan dukungan finansial penuh dari keluarga untuk keperluan kuliah?","Jika tidak, apakah anda sudah merasakan cukup dengan dukungan finansial yang Anda dapatkan?",Apakah Anda sering mengalami masalah kesehatan yang mengganggu proses belajar?,Apakah Anda memiliki akses yang baik terhadap layanan kesehatan?,Apakah Anda suka berolahraga?,Seberapa sering Anda berolahraga?,Apakah Anda memiliki kegiatan di luar kuliah yang mempengaruhi waktu belajar Anda?,"Seberapa baik Anda mengelola waktu antara kuliah, pekerjaan, dan kegiatan lain?",Apakah Anda pernah tidak hadir kuliah karena sulit membagi waktu antara kuliah dengan kegiatan lain?,Seberapa sering Anda mendapatkan bimbingan akademik dari dosen?,Seberapa besar pengaruh bimbingan akademik dari dosen terhadap prestasi akademik Anda?,"Seberapa efektif menurut Anda fasilitas belajar yang tersedia di kampus (perpustakaan, laboratorium, dll.)?",Apakah Anda merasa puas dengan kualitas pengajaran dosen di jurusan Anda?, Apakah Anda merasa beban tugas kuliah yang diberikan terlalu berat?,Apakah Anda merasa adanya persaingan yang tidak sehat di antara sesama mahasiswa?,Apakah ada faktor eksternal lain yang menurut Anda mempengaruhi prestasi akademik Anda?,Saran atau masukan untuk meningkatkan prestasi akademik mahasiswa di kampus Anda.
10/1/2024 16:55:05,NOname1,23,laki-laki,Sistem informasi,5,5,3,3,3,Ya,4,5,Ya,3,4,2,4,4,2,5,4,4,3,Tidak,,,Ya,4,2,4,suka,2,2,4,5,4,4,4,4,4,4,tidak,"Perbanyak perbanyak sarana dan prasarana setelah jam matakuliah di area kampus (tempat mengerjakan tugas selain perpus, dsb)"
10/1/2024 16:55:47,NOname2,21,perempuan,Sistem Informasi,7,4,3,4,4,Ya,2,3,Ya,2,4,5,3,3,1,2,2,2,4,Ya,4,Ya,,3,5,3,tidak suka,1,1,2,5,2,2,3,3,2,2, ,
10/1/2024 16:56:29,NOname3,19,laki-laki,Sistem Informasi ,5,4,4,3,5,Ya,4,4,Ya,3,5,4,5,5,3,4,4,4,4,Tidak,3,Tidak,Ya,2,2,4,suka,5,3,4,2,3,4,4,2,3,3,"Terkadang ada orang yang membuat kita kesal, baik di organisasi dan sebgainya sehingga kita terbebani disitu.",Diperbaiki lagi kualitas dan komperensif antar dosen
10/1/2024 16:59:14,NOname4,19,laki-laki,sistem informasi ,3,4,3,3,4,Ya,3,3,Ya,3,4,3,4,5,2,3,3,3,2,Tidak,1,Tidak,Tidak,3,4,2,suka,5,4,3,4,4,3,4,4,4,5,mungkin afa,waktu pembelajaran nya
10/1/2024 16:59:20,NOname5,40,perempuan,Sistem informasi,4,5,5,5,5,Tidak,5,5,Ya,2,3,5,5,4,1,3,4,3,3,Ya,4,Ya,Tidak,3,5,4,suka,3,2,4,4,4,4,3,4,3,1,tidak ada,lebih aktif lagi untuk dosennya
10/1/2024 17:00:57,NOname6,22,perempuan,Sistem Informasi,Alumni,2,5,1,4,Ya,5,2,Ya,1,5,5,5,5,5,5,5,3,3,Ya,5,Ya,Tidak,1,5,3,suka,5,1,4,5,5,5,5,5,5,1,"Tidak ada, selain ekonomi. ",Lebih menyebarluaskan Beasiswa agar mahasiswa lain yang dirasa kurang mampu dapat melanjutkan pendidikan tanpa ada rasa menyerah. 
10/1/2024 17:04:29,NOname7,33,laki-laki,Sistem informasi,7,4,3,1,4,Ya,5,3,Tidak,5,4,3,4,4,5,4,4,3,4,Ya,4,Ya,Tidak,3,3,3,suka,3,3,3,2,5,4,4,4,3,2,"Ya, mungkin bagi sebagian mahasiswa kelas karyawan (yang sudah bekerja) tentunya terbagi waktu dengan kerja dan pendidikan, sehingga dapat mempengaruhi proses belajar dan menempuh pendidikan di universitas. ","Sering adakan seminar seminar akademik terlebih h seminar yang berkaitan dengan progaram studi yang ditempuh mahasiswa agar mahasiswa termotivasi dalam menempuh pendidikan hingga tau arah, bakat, dan tujuan setelah menempuh pendidikan di universitas. "
10/1/2024 17:04:58,NOname8,21,perempuan,Sistem Informasi,7,5,5,5,8,Ya,1,5,Ya,5,5,1,1,5,5,1,5,5,1,Ya,5,Tidak,Ya,3,3,1,suka,2,1,5,5,5,5,5,4,3,1,"pemikiran orang tua yang masih tidak mengerti akan bagaimana dunia sekarang berjalan yang tentunya sudah berbeda dengan zaman mereka dahulu, jadi sering kali beradu pemikiran tentang hal2 yang menurut orang tua kita hal itu tidak perlu dilakukan.","dukungan penuh dari keluarga, teman, dan lingkungan."
10/1/2024 17:10:47,NOname9,19,laki-laki,Sistem informasi,3,5,5,3,4,Ya,2,4,Ya,1,5,1,3,4,1,2,4,4,3,Tidak,5,Ya,Ya,4,1,4,suka,2,3,3,3,3,4,4,3,5,5,Saya rasa sudah semua yang ada di Kuesioner menjawab akan hal itu,Untuk saya fasilitas lebih di maksimalkan lagi. 
10/1/2024 18:16:14,NOname10,21,laki-laki,Sistem Informasi,7,5,3,3,3,Ya,3,3,Ya,3,5,5,5,5,3,5,5,5,3,Tidak,1,Tidak,Ya,5,5,4,suka,5,3,4,5,3,4,5,5,3,3,-,-
10/1/2024 18:18:02,NOname11,23,laki-laki,Sistem Informasi ,5,5,4,4,4,Ya,2,5,Ya,4,4,4,4,4,4,4,4,4,4,Tidak,4,Tidak,Ya,4,2,4,suka,4,4,4,4,4,4,1,1,3,5,Faktor pertemanan dilingkungan kuliah,Lebih ditingkatkan lagi materi sesuai dengan industri saat ini
10/1/2024 18:18:23,NOname12,23,laki-laki,Sistem informasi,5,4,3,3,Sendiri,Tidak,3,4,Ya,3,3,4,3,3,3,3,4,3,3,Ya,3,Ya,Ya,3,3,3,suka,3,3,3,4,3,4,3,4,3,2,Tidak,Ambil jurusan yang kau gemari untuk di pertanggung jawabkan
10/1/2024 18:29:50,NOname13,21,laki-laki,Sistem informasi ,5,4,5,3,4,Tidak,3,3,Ya,4,4,3,4,4,3,4,4,3,3,Tidak,3,Tidak,Tidak,4,2,4,suka,2,3,4,4,3,4,4,4,3,3,Sepertinya Tidak ,Memperbaiki cara pembelajaran yang lebih baik
10/1/2024 19:11:02,NOname14,22,laki-laki,Sistem informasi,3,5,4,4,5,Ya,4,4,Ya,1,3,5,3,4,1,4,4,3,1,Tidak,1,Tidak,Ya,3,4,4,suka,3,2,3,5,4,3,2,3,3,1,Tidak,"Gratiskan fasilitas,  perpustkaan, dll."
10/2/2024 14:24:58,NOname15,21,laki-laki,Sistem informasi ,5,4,3,2,1,Ya,2,3,Ya,3,3,3,2,5,3,2,4,4,4,Ya,3,Ya,Ya,3,5,3,suka,5,4,3,5,3,3,3,4,3,1,Tidak ada ,Lebih aktif
10/2/2024 16:01:47,NOname16,19 Tahun,laki-laki,Sistem Infromasi,3,5,4,3,9 anggota,Ya,2,5,Ya,3,4,4,3,5,2,4,5,5,3,Tidak,1,Tidak,Ya,5,3,4,suka,3,2,4,5,4,4,5,4,4,1,Tidak ada,Tidak ada saran dari saya. 
10/2/2024 16:06:34,NOname17,20,perempuan,Sistem Informasi,5,5,2,1,3,Ya,3,4,Ya,4,3,4,4,4,4,3,4,3,3,Tidak,1,Tidak,Ya,4,4,4,suka,4,3,4,5,4,3,4,4,3,2,Internet,"Mungkin kampus bisa menyediakan program tutoring atau kelompok belajar yang difasilitasi oleh asisten dosen atau mahasiswa berprestasi. Dengan begitu, kita bisa saling bantu memahami materi dengan lebih baik."
10/2/2024 16:31:27,NOname18,19 Tahun,laki-laki,Sistem Informasi,3,5,4,2,5,Ya,3,3,Ya,4,4,4,2,4,3,3,5,4,3,Tidak,,,Ya,3,5,4,suka,3,2,5,5,4,5,5,5,3,2,Faktor lainnya pergaulan dan lingkungan yang kemungkinan mempengaruhi akademik. ,"Pintarlah mencari teman yang baik agar tidak terjerumus kedalam hal yang kotor, dan ciptakan lingkungan yang aman dan nyaman"
10/2/2024 19:41:50,NOname19,20,perempuan,Sistem informasi,5,5,4,1,5,Ya,3,5,Ya,2,5,4,4,4,2,3,4,3,2,Tidak,1,Tidak,Ya,5,3,4,suka,4,2,3,4,4,5,3,3,3,4,Tidak,Lebih meningkatkan dosen dalam memberikan pelayanan mengajar contohnya : menjelaskan materi secara detail dan membimbing
10/2/2024 19:43:00,NOname20,20,laki-laki,Sistem Informasi,5,5,4,4,3,Ya,3,4,Ya,3,4,4,3,4,1,4,4,4,3,Tidak,3,Tidak,Ya,4,4,4,tidak suka,3,4,5,5,4,4,4,4,4,4,menurut saya tidak ada yang menggangu akademik sampai saat ini ,
10/2/2024 19:46:27,NOname21,20,laki-laki,Sistem Informasi,5,5,3,3,6,Ya,4,3,Ya,3,2,3,4,2,3,3,3,3,3,Tidak,3,Ya,Tidak,3,3,3,suka,4,3,4,2,3,3,4,3,4,4,tidak,"1. Pengajaran Berkualitas: Tingkatkan keterampilan dosen melalui pelatihan dan gunakan metode pengajaran interaktif yang mendorong partisipasi mahasiswa.

2. Kurikulum Relevan: Sesuaikan kurikulum dengan kebutuhan industri, berikan fleksibilitas dalam pilihan mata kuliah, dan dorong mahasiswa untuk mengeksplorasi minat mereka.

3. Bimbingan Akademik: Sediakan program mentoring, konseling akademik, dan dukungan belajar melalui komunitas diskusi.

4. Fasilitas dan Teknologi: Tingkatkan akses ke fasilitas belajar dan manfaatkan platform e-learning serta gamifikasi untuk meningkatkan keterlibatan.

5. Penghargaan: Berikan beasiswa dan pengakuan bagi mahasiswa berprestasi untuk memotivasi mereka.

6. Dukungan Kesejahteraan: Ajarkan manajemen waktu dan sediakan dukungan psikologis agar mahasiswa dapat menjaga keseimbangan akademik dan ekstrakurikuler."
10/2/2024 19:48:00,NOname22,19,perempuan,sistem informasi,5,4,4,4,4,Ya,2,5,Ya,2,4,4,4,5,1,3,4,4,2,Tidak,,,Ya,5,4,4,tidak suka,2,3,3,5,3,3,4,3,3,2,-,aktif dikelas dan sering berdiskusi 
10/2/2024 19:48:24,NOname23,20,perempuan,Sistem Informasi ,5,5,4,2,4,Ya,3,4,Ya,2,4,3,2,4,2,3,3,3,3,Tidak,1,Tidak,Ya,3,4,3,tidak suka,2,3,3,5,3,3,4,3,3,3,tidak ,lebih ditingkatkan lagi 
10/2/2024 19:48:26,NOname24,20 Tahun,perempuan,Sistem Informasi,Semester 5 ,5,3,3,5,Ya,3,5,Ya,2,4,3,5,5,1,4,4,4,3,Tidak,3,Tidak,Ya,5,3,4,suka,3,3,4,5,4,4,5,4,4,1,-,-
10/2/2024 19:50:45,NOname25,20,laki-laki,Sistem informasi ,5,5,2,3,4,Ya,2,4,Ya,1,4,3,3,3,1,4,4,4,3,Tidak,1,Tidak,Ya,4,4,4,suka,5,2,4,5,1,3,5,3,3,4,Tidak ada ,Tambah fasilitas lagi
10/2/2024 19:52:08,NOname26,20,laki-laki,Sistem informasi ,5,3,3,3,5,Ya,3,3,Ya,3,3,3,3,3,3,3,3,3,3,Tidak,3,Tidak,Ya,3,5,4,suka,3,1,5,5,3,3,3,3,3,3,Tidak,Mengupgrade lab 
10/2/2024 19:52:09,NOname27,20,laki-laki,Sistem Informasi,5,5,4,5,3,Ya,3,4,Ya,3,3,3,3,3,3,3,5,4,3,Tidak,3,Tidak,Tidak,3,3,3,suka,3,3,3,3,3,3,5,4,3,3,tidak,-
10/2/2024 19:53:48,NOname28,20,laki-laki,Sistem Informasi,5,3,3,3,4,Ya,3,3,Ya,3,3,3,3,3,3,3,3,3,3,Tidak,3,Tidak,Ya,3,3,3,suka,3,3,3,3,3,3,3,3,3,3,-,-
10/2/2024 19:57:11,NOname29,20,perempuan,Sistem Informasi,5,4,4,3,4,Ya,2,5,Ya,3,5,4,3,4,3,3,3,3,3,Tidak,3,Tidak,Ya,3,3,3,suka,3,3,3,3,3,3,3,3,3,3,tidak ada,"Untuk meningkatkan prestasi akademik mahasiswa, kampus dapat menyediakan lebih banyak *workshop* dan pelatihan keterampilan, memperkuat sistem bimbingan akademik, mendorong kolaborasi antar-mahasiswa dalam proyek penelitian"
10/2/2024 20:00:34,NOname30,20,laki-laki,Sistem Informasi ,5,5,4,3,3,Ya,4,5,Ya,3,4,4,4,4,2,5,5,3,4,Tidak,,,Ya,5,4,4,suka,3,3,3,4,4,4,4,4,2,2,Tidak ada,Tidak ada
10/2/2024 20:01:59,NOname31,22,perempuan,Sistem Informasi,5,4,4,5,5,Ya,2,5,Ya,5,5,1,5,5,4,4,4,3,2,Ya,3,Tidak,Ya,5,4,4,suka,3,3,4,4,5,5,5,5,3,1,Tidak ada,-
10/2/2024 20:02:43,NOname32,20,perempuan,Sistem Informasi,5,5,5,4,4,Ya,4,5,Ya,3,4,4,5,4,3,4,4,4,4,Ya,3,Tidak,Ya,4,3,4,suka,3,3,4,3,3,3,4,4,4,3,"Ada sedikit tekanan yang saya rasakan, karena merasa memiliki tanggung jawab untuk menjadi kebanggaan bagi kedua orang tua. Terkadang hal ini menjadi beban, karena di satu sisi ingin membuat mereka bangga, namun di sisi lain juga menambah tekanan dalam menjalani proses akademik. Meskipun ada sedikit tekanan, saya merasa lebih tenang dan nyaman karena orang tua saya tidak pernah menuntut apapun. Mereka selalu mendukung tanpa memberikan tekanan, sehingga saya bisa menjalani proses akademik dengan lebih enjoy dan tetap berusaha yang terbaik.","Salah satu saran untuk meningkatkan prestasi akademik mahasiswa di kampus adalah dengan memperkuat sistem bimbingan akademik. Dosen pembimbing yang lebih terlibat dan aktif memantau perkembangan mahasiswa bisa membantu mereka lebih fokus dan termotivasi. Selain itu, kampus juga bisa menyediakan lebih banyak ruang belajar yang nyaman serta meningkatkan akses ke sumber belajar seperti perpustakaan digital dan workshop. Program pengembangan soft skills, seperti manajemen waktu dan cara belajar yang efektif, juga akan sangat membantu mahasiswa dalam mencapai prestasi akademik yang lebih baik."
10/2/2024 20:03:19,NOname33,22,laki-laki,sistem informasi ,5,5,5,5,5,Ya,5,5,Ya,5,5,5,5,5,5,5,5,5,4,Ya,3,Tidak,Ya,5,5,5,suka,4,3,3,3,3,3,4,4,5,5,tidak ada,"memperbaiki ruangan dan ac yang lebih dingin di tiap kelas
"
10/2/2024 20:06:22,NOname34,20,laki-laki,Sistem informasi ,5,3,4,4,4,Ya,2,2,Ya,2,4,3,3,3,1,4,3,2,1,Ya,2,Tidak,Ya,3,3,3,tidak suka,2,3,3,5,4,3,3,3,3,4,tidak,"tolong untuk diperlama jam belajar sesuai sks, jgn matkul dengan 2 sks dan 3/4 sks tenggat jamnya sama"
10/2/2024 20:08:14,NOname35,20,perempuan,Sistem Informasi ,5,5,3,4,4,Ya,4,5,Ya,3,4,3,4,5,2,4,4,3,3,Tidak,,,,,5,5,suka,3,2,4,5,4,4,4,3,4,1,-,
10/2/2024 20:10:01,NOname36,20 tahun,perempuan,Sistem Informasi,5,5,5,5,2,Ya,5,5,Ya,5,5,5,5,5,5,5,5,5,5,Ya,5,Tidak,Ya,5,5,5,suka,5,5,5,5,5,5,5,5,5,5,Mengikuti organisasi yang ada di kampus yaitu Himpunan Mahasiswa Sistem Informasi dan Unas Fest 2024,Meningkatkan strategi untuk mendukung prestasi akademik mahasiswa
10/2/2024 20:10:13,NOname37,19 Tahun,perempuan,Sistem Informasi,5,5,5,1,5,Tidak,5,5,Ya,5,5,5,5,5,1,5,5,5,3,Tidak,,,,,5,5,tidak suka,2,1,5,5,5,5,5,5,3,1,dukungan dari orang sekitar,
10/2/2024 20:14:10,NOname38,20,perempuan,Sistem Informasi,5,4,4,4,6,Ya,3,4,Ya,4,4,2,4,4,1,2,3,3,3,Tidak,,,Ya,3,3,2,suka,2,1,3,1,3,4,4,4,4,1,Tidak ada,Memberikan materi lebih lengkap lagi jika dosen berhalangan hadir untuk mengajar 
10/2/2024 20:15:27,NOname39,20 tahun,laki-laki,Sistem Informasi,5,5,3,3,5,Ya,3,4,Ya,2,4,2,4,4,3,3,4,4,4,Tidak,,,,,2,4,tidak suka,2,2,3,4,3,4,4,3,3,2,Tidak,
10/2/2024 20:22:06,NOname40,22,laki-laki,Sistem Informasi,5,5,4,4,3,Ya,4,4,Ya,4,3,3,5,4,5,5,5,5,4,Ya,5,Ya,Ya,3,5,3,suka,4,1,5,5,5,5,4,4,5,3,Tidak,"Galang hubungan yang lebih baik antara mahasiswa dan dosen, misalnya dengan menjadwalkan pertemuan reguler atau jam konsultasi."
10/2/2024 20:22:41,NOname41,20,laki-laki,Sistem informasi ,5,5,4,5,4,Ya,5,5,Ya,3,4,5,5,5,3,5,5,4,4,Tidak,3,Ya,Ya,4,5,5,suka,4,3,5,5,4,4,5,5,2,3,"faktor eksternal yang dapat mempengaruhi prestasi akademik : 

- Lingkungan Keluarga : Dukungan orang tua, kondisi rumah, dan status sosial-ekonomi dapat mempengaruhi fokus dan motivasi belajar.

- Kondisi Sosial dan Teman : Pengaruh dari teman sebaya atau lingkungan sosial dapat mendukung atau mengganggu proses belajar.

- Ketersediaan Sumber Belajar: Akses terhadap fasilitas seperti buku, internet, dan bimbingan belajar dapat mempengaruhi kemampuan belajar seseorang.","saran atau masukan untuk meningkatkan prestasi akademik mahasiswa di kampus :

Penerapan Pembelajaran Aktif, bimbingan Akademik dan Konseling, Beasiswa dan Penghargaan "
10/2/2024 20:23:11,NOname42,20,perempuan,Sistem Informasi,5,3,3,3,4,Ya,5,4,Ya,5,5,5,5,5,4,2,4,2,3,Tidak,1,Tidak,Ya,4,3,3,suka,5,3,4,4,5,5,3,4,3,3,"Faktor eksternal yang mempengaruhi prestasi akademik antara lain lingkungan belajar, dukungan keluarga, kondisi ekonomi, lingkungan sosial, dan akses ke teknologi. Lingkungan belajar yang kondusif serta dukungan emosional dari keluarga dapat meningkatkan motivasi belajar. Kondisi ekonomi mempengaruhi akses ke sumber daya pendidikan, sementara teman sebaya juga dapat memengaruhi semangat belajar. Selain itu, di era digital, akses ke internet dan perangkat teknologi berperan penting dalam mendukung pencapaian akademik.","Saran atau masukan untuk meningkatkan prestasi akademik mahasiswa. Kampus dapat menyediakan fasilitas belajar yang lebih baik, seperti ruang belajar yang nyaman dan akses ke teknologi pendukung. Program bimbingan akademik oleh dosen atau mahasiswa senior juga penting untuk membantu mahasiswa mengatasi kesulitan studi. Selain itu, keterlibatan aktif dosen dalam memberikan umpan balik dan sesi konsultasi dapat meningkatkan pemahaman materi. Pelatihan manajemen waktu dan pengelolaan stres akan membantu mahasiswa menjaga keseimbangan studi dan kehidupan pribadi. Membentuk komunitas belajar yang mendukung serta menyediakan layanan kesehatan mental juga dapat meningkatkan prestasi akademik secara keseluruhan."
10/2/2024 20:23:18,NOname43,20,perempuan,Sistem Informasi ,5,5,5,5,6,Ya,4,3,Ya,5,5,1,5,5,2,5,5,5,5,Tidak,2,Tidak,,2,5,5,tidak suka,3,1,5,5,4,5,5,5,4,1,"Beberapa faktor eksternal yang mempengaruhi prestasi akademik meliputi lingkungan keluarga, kualitas kampus, akses sarana dan prasarana, kesehatan fisik dan mental, dukungan teman sebaya, kondisi ekonomi, serta kesempatan untuk kegiatan ekstrakurikuler.","Perbaiki akses ke perpustakaan, ruang belajar, dan teknologi yang mendukung proses belajar. Upgrade Perangkatâ€ seperti PC dengan kompatible yang terbaru untuk aplikasi dan program yang berat"
10/2/2024 20:23:21,NOname44,19,perempuan,Sistem Informasi,5,5,5,5,3,Ya,4,5,Ya,5,5,3,3,5,5,3,4,4,3,Tidak,,,Ya,3,3,4,suka,3,4,4,5,4,4,4,3,3,1,"Ada beberapa hal luar yang menurut saya berpengaruh ke prestasi akademik, seperti dukungan dari keluarga dan teman, suasana belajar yang nyaman, dan akses ke bahan belajar yang cukup, misalnya internet. Kadang-kadang, hal-hal kayak kebijakan kampus atau kondisi sosial, seperti pandemi kemarin, juga ngaruh ke semangat dan hasil belajar saya",
10/2/2024 20:27:45,NOname45,25,laki-laki,Sistem informasi ,5,4,4,4,5,Ya,3,4,Ya,5,3,5,4,4,3,2,4,4,3,Tidak,1,Tidak,Ya,4,4,4,suka,3,4,4,2,5,5,4,5,3,1,Tidak ada,Sarana lab yang diperbaharui karena masih banyak tools pendukung pembelajaran saat perkuliahan yang usang dan error
10/2/2024 20:29:05,NOname46,20,laki-laki,Sistem Informasi,5,1,5,2,1,Tidak,1,1,Ya,1,4,5,1,4,1,1,3,3,5,Ya,5,Ya,Tidak,1,5,2,tidak suka,2,5,2,5,2,2,3,3,1,2,Duit,Perbanyak informasi beasiswa
10/2/2024 20:30:25,NOname47,20,perempuan,sistem informasi,5,3,4,2,2,Ya,4,4,Ya,3,4,3,4,4,2,2,3,2,2,Tidak,3,Tidak,Ya,4,5,4,tidak suka,2,2,3,3,3,2,2,5,4,4,tidak ada,tidak ada
10/2/2024 20:32:09,NOname48,20,laki-laki,Sistem informasi ,5,5,3,3,6,Ya,2,5,Ya,1,4,4,4,4,3,3,4,4,4,Ya,3,Tidak,Ya,4,4,3,suka,3,3,4,3,3,3,2,5,3,3,Tidakk,Fasilitas lab nya dibagusin lg
10/2/2024 20:33:54,NOname49,20 tahun,perempuan,Sistem Informasi,5,5,3,3,4,Ya,4,3,Ya,2,3,3,2,3,2,3,4,5,5,Tidak,1,Tidak,Ya,3,5,2,tidak suka,2,2,3,5,5,4,5,3,4,2,tidak ada,"saran saya, selalu adakan workshop atau pelatihan tambahan untuk mendukung kemampuan mahasiswa"
10/2/2024 20:34:15,NOname50,20 tahun,laki-laki,Sistem Informasi ,5,5,4,4,4,Tidak,4,5,Ya,4,4,3,4,5,2,5,4,3,4,Tidak,,,Ya,5,5,5,suka,4,3,4,5,3,3,3,4,3,1,tidak ada,Mari tidak malas-malasan
10/2/2024 20:35:20,NOname51,20,laki-laki,Sistem Informasi,5,5,4,4,6,Ya,3,3,Ya,1,4,4,2,3,3,4,4,2,2,Tidak,3,Ya,Ya,3,4,3,suka,3,2,4,5,3,4,4,4,3,2,tidak ada,lebih banyak lagi seminar dengan pembicara pembicara yang ahli dibidang tertentu agar wawasan semakin banyak dan mahasiswa nanti bisa memilih jalannya mau kemana dan jadi apa sesuai dengan keahliannya
10/2/2024 20:37:38,NOname52,24,laki-laki,Sistem Informasi,4,5,5,1,6,Ya,3,4,Ya,3,1,5,3,5,3,5,4,4,5,Tidak,,,Ya,5,5,3,suka,2,1,5,5,4,5,5,5,1,1,tidak,tidak ada
10/2/2024 20:42:19,NOname53,20,laki-laki,Sistem informasi ,5,4,4,4,4,Tidak,3,4,Ya,4,4,3,3,4,4,5,4,3,4,Tidak,,,,,3,4,suka,3,3,4,4,4,4,4,3,2,2,Tidak,
10/2/2024 20:43:36,NOname54,21,laki-laki,Sistem Informasi ,5,5,4,4,3,Ya,5,5,Ya,3,3,3,5,4,1,4,4,4,3,Tidak,2,Tidak,Ya,4,5,4,suka,4,4,4,5,4,4,4,3,3,4,tidak ada,Memberikan penghargaan bagi mahasiswa yang berprestasi dalam akademik maupun kegiatan ekstrakurikuler untuk memotivasi yang lain
10/2/2024 20:44:39,NOname55,20 tahun ,laki-laki,Sistem Informasi ,Semester 5,4,3,3,4 orang ,Ya,3,3,Ya,4,4,4,4,4,4,4,3,3,2,Ya,3,Tidak,Ya,3,4,3,suka,3,3,3,3,3,3,3,3,4,3,Sejauh ini tidak ada ,Lebih memperhatikan setiap mahasiswa yang mengalami kesusahan dalam pembelajaran dan memberikan support dan solusi 
10/2/2024 20:50:11,NOname56,20,perempuan,Sistem informasi ,5,4,4,4,5,Ya,4,4,Ya,3,4,3,4,4,3,4,4,4,4,Tidak,2,Tidak,Ya,2,2,3,suka,3,3,3,4,4,3,3,4,3,2,Tidak ada,Membuat program atau acara untuk cara  meningkatkan prestasi akademik mahasiswa 
10/2/2024 20:54:42,NOname57,21,laki-laki,Sistem Informasi,5,5,4,3,3,Ya,2,4,Ya,2,3,5,5,4,2,5,4,3,3,Tidak,,,Ya,4,5,4,suka,4,3,4,5,2,2,4,5,3,1,tidak,mempercepat pembangunan/renovasi kampus
10/2/2024 20:54:49,NOname58,20 Tahun,laki-laki,Sistem Informasi ,5,4,4,4,7 Orang ,Ya,4,4,Ya,4,4,3,3,4,4,4,4,4,3,Tidak,,,Ya,4,4,4,suka,4,3,4,4,4,4,4,3,3,3,Sejauh ini tidak ada,"Saran saya lebih kepada pemenuhan fasilitas yang diberikan kampus kepada mahasiswanya untuk membantu meningkatkan prestasi akademik seperti mempermudah akses internet, memperbanyak fasilitas umum yang dapat digunakan sebagai ruang belajar seperti perpustakaan, laboratorium, aula, taman, dsb."
10/2/2024 20:55:02,NOname59,20,laki-laki,Sistem Informasi,5,4,4,3,7,Ya,2,3,Ya,3,3,3,4,4,3,4,5,4,4,Ya,2,Ya,Tidak,3,4,5,suka,3,3,5,5,3,3,4,4,3,1,kurangnya motivasi,kelas tambahan di luar kurikulum yang berfokus pada keterampilan penting seperti komunikasi dan pemrograman yang ada di dunia kerja
10/2/2024 20:57:49,NOname60,20,laki-laki,Sistem Informasi,5,5,5,1,4,Ya,4,4,Ya,3,5,2,4,4,3,1,4,2,4,Ya,1,Tidak,Ya,1,4,1,suka,4,1,4,5,3,1,4,2,4,4,tidak ada,sebaiknya tingkatkan fasilitas kampus dan kurangi dosen yang tidak kompeten dalam mengajar
10/2/2024 21:02:49,NOname61,20,laki-laki,Sistem Infor,Semester 5,5,5,5,4,Ya,4,5,Ya,3,4,4,5,5,3,5,5,5,2,Tidak,,,Ya,4,5,5,suka,4,1,4,5,5,5,5,5,3,1,Tidak ada,"Dari metode pembelajaran yang di tingkatkan yang sesuai dengan pembelajaran, dan dosen yang akrab dengan mahasiswa agar pembelajaran dapat berjalan dengan baik. "
10/2/2024 21:05:40,NOname62,20,laki-laki,Sistem informasi,5,3,4,4,6,Ya,3,4,Ya,4,4,2,4,4,1,2,4,3,4,Tidak,,Tidak,Ya,,3,4,suka,4,4,3,4,3,3,4,4,4,3,"Kondisi kesehatan saya mempengaruhi kemampuan belajar. Kurangnya tidur, stres, dan masalah kesehatan lainnya berdampak pada konsentrasi dan produktivitas.","Kampus bisa menyediakan layanan konseling atau dukungan psikologis untuk membantu mahasiswa mengatasi stres, kecemasan, dan tantangan emosional lainnya. Mental yang sehat sangat penting untuk performa akademik yang optimal."
10/2/2024 21:13:37,NOname63,20 Tahun,laki-laki,Sistem Informasi,5,5,5,5,4,Ya,4,5,Ya,5,5,5,5,5,2,5,4,5,2,Tidak,1,Tidak,Ya,5,5,4,suka,5,3,5,5,3,5,4,4,3,3,"untuk saat ini, tidak ada",Materi yang lebih kompleks dan detail serta pengimplementasian terhadap dunia kerja dan penjabaran materi oleh dosen terhadap mahasiswa lebih ditingkatkan
10/2/2024 21:27:29,NOname64,21,perempuan,Sistem Informasi,5,4,4,4,5,Ya,4,2,Ya,4,4,3,4,4,2,4,3,3,4,Tidak,1,Tidak,Ya,3,2,4,tidak suka,2,4,3,3,4,4,2,4,3,3,Dukungan dari keluarga,
10/2/2024 21:29:55,NOname65,19,perempuan,SI,5,3,4,5,7,Tidak,2,4,Ya,3,5,3,5,5,3,2,4,4,2,Tidak,3,Tidak,Ya,3,3,2,tidak suka,3,3,4,3,5,5,5,5,4,4,Faktor keluarga,Tingkatkan antara praktik dan teori harus balance
10/2/2024 21:33:06,NOname66,20,laki-laki,Sistem Informasi,5,2,4,1,4,Ya,2,5,Ya,1,5,3,3,3,1,4,4,4,3,Tidak,,Tidak,Ya,,2,5,suka,4,4,4,3,2,2,4,3,3,2,ya,lebih memperhatikan suasana kelas yang bising dikarenakan mahasiswanya sendiri
10/2/2024 21:44:02,NOname67,20,laki-laki,Sistem Informasi,5,5,5,3,4,Tidak,4,4,Ya,5,3,3,3,4,3,5,5,5,2,Tidak,1,Tidak,Ya,3,1,3,suka,2,1,5,1,3,4,4,3,3,3,tidak ada,"memperkuat manajemen waktu, memanfaatkan sumber daya kampus seperti bimbingan akademik, dan membentuk kelompok belajar untuk saling mendukung"
10/2/2024 21:47:19,NOname68,20,laki-laki,Sistem Informasi,5,5,5,2,3,Ya,2,4,Tidak,3,4,3,2,4,2,2,4,3,3,Ya,5,Ya,,,5,3,tidak suka,2,3,4,3,3,4,3,4,2,4,tidak,menyadarkan para mahasiswa akan pentingnya penddikan
10/2/2024 21:52:29,NOname69,21 Tahun,perempuan,Sistem informasi ,5,5,5,3,3,Ya,3,4,Ya,4,5,2,4,3,3,3,4,4,2,Tidak,,,Ya,4,3,4,tidak suka,3,4,3,3,3,3,4,3,3,3,"ya prestasi akademik tentu dipengaruhi oleh faktorÂ² eksternal lain, seperti pengaruh lingkungan bersosial media. Sehingga tidak hanya pengaruh lingkungan di kehidupan nyata namun sosial media berperan untuk meningkatkan kesadaran dan motivasi akan prestasi akademik ",-
10/2/2024 21:56:56,NOname70,20,laki-laki,sistem informasi,5,5,5,5,4,Tidak,5,5,Ya,3,5,5,5,5,2,5,5,5,5,Tidak,,,,,5,5,suka,3,1,5,5,4,5,5,5,3,1,tidak ada,
10/2/2024 22:05:44,NOname71,20,perempuan,Sistem Informasi ,5,5,5,2,3,Ya,3,3,Ya,5,4,3,5,5,1,2,3,5,2,Tidak,,,Ya,2,3,1,suka,3,1,4,5,3,4,3,3,3,2,Tidak ada,
10/2/2024 22:13:33,NOname72,21,perempuan,sistem informasi ,5,3,3,4,2,Tidak,3,3,Ya,3,4,3,3,4,1,2,2,3,3,Tidak,,,Ya,3,4,2,suka,3,3,4,4,3,4,2,3,3,3,tidak ada,mengadakan pelatihan soft skill lebih banyak lagi
10/2/2024 22:14:12,NOname73,21,laki-laki,Sistem Informasi,5,4,4,4,4,Ya,4,4,Ya,2,4,4,4,4,4,4,4,4,4,Tidak,2,Tidak,Ya,4,5,5,suka,4,3,3,4,3,3,3,3,3,3,tidak adaw,di tingkatkan lagi untuk menjadi lebih baik
10/2/2024 22:29:46,NOname74,25,perempuan,Sistem Inu,5,5,3,2,4,Ya,5,5,Ya,2,5,5,4,5,2,4,5,5,3,Tidak,,,,5,3,5,suka,4,2,5,5,4,5,5,5,4,3,Tidak,Saran saya kalo harus lebih banyak lomba2 yang lebih beragam di bidang akademik maupun di bidang seni mungkin itu akan meningkatkan prestasi mahasiswa 
10/2/2024 22:53:40,NOname75,20,laki-laki,sistem informasi,5,4,4,4,5,Ya,2,4,Ya,3,3,4,4,3,2,3,4,3,4,Tidak,1,Tidak,Ya,4,4,4,tidak suka,3,2,4,4,3,3,4,3,4,3,tidak,-
10/2/2024 23:12:51,NOname76,23,laki-laki,Sistem Informasi,4,5,3,1,3,Ya,4,3,Ya,3,1,5,5,1,5,3,4,3,5,Tidak,1,Tidak,Ya,1,5,2,suka,3,1,4,5,1,1,4,1,3,1,"Keuangan orang tua, terkadang tekanan tugas membatasi saya untuk saya cari freelance event daily untuk membantu bayar uang kuliah","mohon maaf saran pribadi, teruntuk semua dosen yang saya hormati, perihal tugas jangan karena 1-2 orang tidak mengerjakan tugas/ malas, satu kelas / satu kelompok terkena imbasnya, anda tidak tahu orang yang terkena imbasnya mungkin sudah mengingatkan atau mengajak namun dihiraukan, anda tidak tahu orang tua dari mahasiswa yang terkena imbasnya susah payah mencari uang kuliah, mungkin hutang sana sini demi anaknya berkuliah, anaknya sudah rajin tapi diberi nilai C oleh dosen karena anggota kelompoknya malas, jangan memberi tugas forum webkuliah dadakan di hari sabtu / mendekati deadline di saat minggu online karena itu hari libur diluar minggu perkuliahan, hak mahasiswa, perbanyak praktek dan penyampaian yang interaktif antara dosen dan mahasiswa saat mengajar, tolong apabila dihubungi mahasiswa pada jam yang etis chat dosen, mohon dibalas, karena setiap orang punya urgensi yang berbeda beda dan mungkin tidak bisa menemui langsung di kampus, terima kasih"
10/2/2024 23:20:54,NOname77,21,laki-laki,Sistem Informasi,5,4,5,5,5,Ya,4,5,Ya,3,4,5,4,4,2,5,5,4,3,Tidak,1,Tidak,Ya,5,3,3,suka,5,2,4,5,5,5,5,5,3,1,tidak ada,sejauh ini sangat baik
10/2/2024 23:27:36,NOname78,20,laki-laki,Sistem infomasi ,5,5,5,4,4,Ya,4,5,Ya,2,4,5,5,5,1,2,4,4,2,Tidak,1,Tidak,Ya,5,4,5,suka,3,3,4,3,4,3,4,4,4,4,tidak ada ,semoga ditingkatkan lagi fasilitas seperti AC DLL dan semoga dosen mengasih nilai dengan bagus agar orang tua kita bahagia
10/3/2024 1:13:18,NOname79,20,perempuan,Sistem Informasi ,5,5,4,1,2,Ya,3,3,Ya,3,4,4,5,5,2,4,3,4,2,Tidak,,,Ya,2,5,4,suka,4,1,4,5,3,3,4,2,3,3,tidak,
10/3/2024 1:14:14,NOname80,21,laki-laki,Sistem informasi,5,5,5,5,4,Ya,4,3,Ya,5,5,5,5,5,5,4,5,5,4,Tidak,1,Ya,Ya,5,5,5,suka,5,4,5,5,3,5,5,5,4,3,Tidak ada,Saran saya lebih memperbanyak praktek 
10/3/2024 6:12:49,NOname81,21,laki-laki,sistem informasi,6,4,3,2,5,Ya,4,3,Ya,3,4,3,3,4,5,4,4,4,2,Tidak,,,Ya,3,3,3,suka,4,3,3,4,5,4,4,4,3,2,tidak,belajar yg bener bayaran mahal
10/3/2024 6:20:04,NOname82,20 tahun ,perempuan,Sistem Informasi ,5,5,3,3,5,Ya,4,5,Ya,3,4,3,3,4,5,4,4,5,4,Tidak,,,Ya,3,3,3,tidak suka,3,4,3,5,4,4,5,5,3,3,tidak ada,
10/3/2024 11:56:04,NOname83,26,perempuan,Sistem Informasi,Aumni,5,5,5,3,Tidak,5,5,Ya,5,5,5,5,5,5,5,5,5,5,Ya,5,Ya,Tidak,4,5,5,suka,3,5,5,5,3,5,5,5,1,1,Dukungan dari orang-orang terdekat,Dosen jangan terlalu sering tidak masuk
10/3/2024 13:41:05,NOname84,20,laki-laki,Sistem informasi ,5,5,5,5,5,Ya,5,5,Ya,5,4,4,4,4,4,4,5,4,5,Tidak,,,,,5,5,suka,5,1,5,5,5,5,5,5,1,1,Tidak ada,Tidak ada
10/3/2024 20:12:16,NOname85,20,perempuan,Sistem Informasi,5,5,3,1,5,Ya,4,4,Ya,3,4,4,4,5,1,3,3,2,3,Tidak,,,Ya,2,5,2,suka,3,1,2,5,3,3,3,3,3,2,Lingkungan pergaulan/pertemanan bisa memberikan pengaruh positif atau negatif terhadap akademik.,-
10/3/2024 23:37:04,NOname86,20,laki-laki,SISTEM INFORMASI,5,5,5,5,1,Ya,4,3,Ya,3,3,3,4,5,5,4,3,2,4,Tidak,5,Tidak,Tidak,3,5,5,suka,5,5,5,5,5,5,5,5,5,4,menurutku saya tidak ,tidak ada
10/4/2024 10:10:00,NOname87,20,laki-laki,Sistem Informasi,5,3,3,4,5,Ya,2,2,Ya,4,5,3,3,4,2,2,3,3,3,Tidak,2,Tidak,Ya,3,2,3,suka,4,3,4,2,2,2,3,4,3,3,tidak,tidak ada
10/4/2024 12:36:13,NOname88,20,laki-laki,Sistem Informasi,5,4,3,5,5,Ya,1,3,Ya,5,5,5,5,5,1,1,4,4,4,Tidak,1,Tidak,Ya,3,5,5,suka,5,1,5,4,5,5,5,5,3,5,Dosen yg komplikasi seperti mereka yg suka mood swing dan pelit nilai,Pilih dosen yg green flag
10/8/2024 8:40:33,NOname89,21,laki-laki,Siste Informasi,7,5,5,5,3,Ya,3,5,Ya,5,5,4,5,5,1,3,3,4,3,Ya,4,Tidak,Ya,,4,4,suka,3,4,5,5,3,4,3,3,2,3,Tidak ada,Sudah baik
10/8/2024 8:51:08,NOname90,19,perempuan,Sistem Informasi ,1,3,4,2,4,Tidak,4,3,Ya,4,4,3,3,4,3,4,4,4,3,Tidak,3,Tidak,Ya,3,5,4,suka,4,2,4,5,5,4,4,3,4,2,"Lingkungan keluarga, lingkungan sosial ","Meningkatkan kualitas dosen dan penyampaian materi kuliah, mengembangkan program ekstrakurikuler yang beragam, evaluasi sistem pembelajaran secara berkala"
10/8/2024 8:57:50,NOname91,17 Tahun,laki-laki,Sistem Informasi ,Semester 1,5,3,1,2,Ya,5,4,Ya,4,4,3,3,2,1,3,4,3,5,Tidak,1,Tidak,Ya,3,5,3,suka,3,1,3,5,4,4,3,4,3,1,Tidak mengeksplor kegiatan diluar untuk melepas penat setelah belajar,"Belajar itu penting, tetapi sangat baik jika sesekali anda melepas penat dan refreshing dengan melakukan hobi anda atau kegiatan di luar."
10/8/2024 9:07:24,NOname92,19 tahun,perempuan,Sistem Informasi,1,4,3,4,2,Tidak,1,5,Ya,2,4,5,3,4,2,5,5,2,3,Tidak,,,Ya,3,5,5,suka,3,3,4,5,4,5,5,4,3,1,tidak ada,"belum bisa kasih saran, karna blm mengetahui secara dlm ğŸ™ğŸ¼"
10/8/2024 9:33:15,NOname93,19 tahun,perempuan,Sistem informasi,1,5,3,4,4 dengan saya,Ya,5,4,Ya,4,3,4,5,5,1,4,4,2,1,Tidak,,,,,3,4,tidak suka,3,1,4,5,3,5,4,4,3,1,iya ada,dengan meningkatkan cara pengajaran dari dosen dan meningkatkan fasilitas yang ada dikampus
10/8/2024 9:35:16,NOname94,20,laki-laki,Sistem informasi ,1,5,5,5,5,Ya,5,3,Ya,5,5,5,5,5,4,3,3,3,3,Tidak,,,Ya,3,5,3,suka,5,3,4,5,3,5,4,5,1,3,Lingkungan pertemanan ,"Belajar yang belum di pelajari, dan rajin belajar "
10/8/2024 9:52:20,NOname95,19,laki-laki,sistem informasi,semester 1,5,5,4,4,Ya,4,5,Ya,3,4,5,3,4,1,5,4,3,4,Tidak,1,Tidak,Ya,4,5,4,suka,3,3,4,5,4,4,4,4,3,1,tidak ada,harus cerdas dalam memilih pertemanan di kampus
10/8/2024 10:20:49,NOname96,19 Tahun,laki-laki,Sistem Informasi,1,4,3,4,2,Ya,2,4,Ya,5,4,2,4,3,3,2,3,3,3,Ya,4,Tidak,Ya,4,3,3,suka,5,4,2,3,3,3,4,4,3,3,Patah hati,Lebih semangat
10/8/2024 10:52:43,NOname97,21,laki-laki,Sistem Informasi,7,5,4,5,5,Tidak,3,5,Ya,2,5,3,5,5,1,4,5,4,2,Tidak,,,Ya,5,4,3,suka,3,2,4,4,3,3,4,4,4,2,-,
10/8/2024 12:01:05,NOname98,18,perempuan,Sistem informasi ,1,5,5,5,7,Ya,3,5,Ya,1,5,5,3,4,1,5,5,5,5,Tidak,1,Tidak,Ya,5,5,5,suka,4,3,4,5,4,4,5,5,2,1,Tidak ada ,-
10/8/2024 16:06:42,NOname99,21,laki-laki,Sistem Informasi,5,5,4,5,4,Ya,2,4,Ya,5,4,5,4,3,2,3,4,3,1,Tidak,,,,,3,4,suka,2,5,3,2,2,3,4,4,4,1,Tidak ada.,Pendekatan dosen kepada mahasiswa dapat memberikan dukungan bagi mahasiswa dalam meningkatkan prestasi akademik.
10/9/2024 13:29:00,NOname100,18,laki-laki,Sistem Informasi ,1,3,3,4,5,Ya,4,3,Ya,3,2,4,2,3,1,4,3,2,4,Tidak,1,Tidak,Ya,3,5,4,suka,5,3,3,5,3,5,5,3,3,1,Tidak ada,Perluas kualitas agar lebih baik
10/9/2024 13:35:45,NOname101,18,laki-laki,Sistem informasi,1,3,3,3,5,Ya,3,3,Ya,3,3,5,2,3,1,4,4,3,4,Tidak,1,Tidak,Ya,3,5,4,suka,5,3,3,5,3,5,5,4,3,1,Tidak ada,Memperluas kualitas belajar agar lebih baik
10/10/2024 20:42:52,NOname102,19,laki-laki,sistem informasi,1,3,3,3,4,Ya,2,2,Ya,2,3,5,5,3,2,3,3,3,3,Tidak,1,Tidak,Ya,2,2,2,suka,3,2,4,5,3,4,3,3,3,2,tidak ada,lebih baik lagi
10/11/2024 23:01:39,NOname103,18,laki-laki,Sistem Informasi,1,5,5,5,3,Ya,5,5,Ya,1,1,5,1,1,1,5,3,1,4,Tidak,,,Ya,5,5,5,tidak suka,2,1,5,5,2,2,3,3,4,1,Tidak Ada,Tidak Ada
10/14/2024 10:25:20,NOname104,19,laki-laki,Sistem informasi ,3,3,3,3,6,Ya,5,4,Ya,3,4,4,3,4,3,1,4,4,2,Tidak,4,Tidak,Tidak,4,4,4,suka,5,4,3,4,3,3,4,4,3,4,berpengaruh,
10/14/2024 10:27:56,NOname105,19,laki-laki,Sistem Informasi ,3,3,3,5,4,Ya,3,4,Ya,2,4,2,2,3,2,5,5,4,3,Tidak,1,Tidak,Ya,3,3,5,suka,4,1,3,4,4,5,5,5,3,4,Tidak ada,Terus belajar dan semangat agar mendapatkan akademi yang bagus di dalam maupun luar lingkungan kampus
10/14/2024 10:28:06,NOname106,19,laki-laki,Sistem Informasi,3,4,3,1,6,Ya,3,2,Ya,1,5,4,2,4,1,5,2,1,3,Tidak,1,Tidak,Ya,2,5,3,suka,4,4,2,2,1,3,3,3,3,3,Hanya pekerjaan dari hobby,Masih banyak dosen yang jarang hadir dan cara penyampaiannya kurang
10/14/2024 10:28:55,NOname107,19,laki-laki,Sistem Informasi,3,5,5,5,3,Ya,2,5,Ya,1,5,3,3,5,1,5,4,4,4,Tidak,1,Tidak,Ya,5,5,5,suka,4,3,5,5,4,5,5,5,3,3,Tidak ada,Tidak ada
10/14/2024 10:29:18,NOname108,19 Tahun,laki-laki,Sistem Informasi,3,4,4,4,9,Ya,3,4,Ya,2,4,4,2,4,2,4,4,4,2,Tidak,1,Tidak,Ya,4,2,4,suka,3,2,3,2,4,4,5,4,3,3,Tidak,Tidak ada
10/14/2024 10:29:19,NOname109,22,laki-laki,Sistem informasi,3,5,4,5,7,Ya,4,4,Ya,3,5,4,4,4,4,4,4,4,4,Tidak,4,Tidak,Ya,4,4,4,suka,3,4,4,4,4,4,4,4,4,1,Ya,Lebih dilengkapi lagi fasilitas nya bu
10/14/2024 10:29:32,NOname110,20,laki-laki,Sistem Informasi,3,4,5,4,5,Ya,2,5,Ya,4,5,4,3,4,3,5,5,5,3,Tidak,,,Ya,5,4,4,suka,3,2,3,5,2,5,5,5,3,3,Tidak ada,Menambahkan jam kosong pada fasilitas lab
10/14/2024 10:29:51,NOname111,19,laki-laki,Sistem Informasi,3,5,5,2,2,Ya,2,5,Ya,2,5,3,2,5,1,3,2,4,3,Ya,3,Tidak,Ya,3,5,1,suka,4,4,4,2,5,3,4,3,5,4,zoom tabrakan,dosen jangan lupa liat waktu
10/14/2024 10:29:56,NOname112,20,laki-laki,Sistem Informasi,3,5,3,5,2,Ya,2,5,Ya,3,5,2,3,5,4,4,5,4,1,Tidak,1,Tidak,Ya,4,3,3,suka,4,2,5,5,5,5,5,5,5,5,tidak ada,"kalo saran dan masukan sii gada, tapi lebih ke diri sendiri bisa apa nggak"
10/14/2024 10:30:01,NOname113,21,laki-laki,Sistem informasi ,6,4,5,4,4,Tidak,3,4,Ya,3,4,4,4,3,4,3,3,3,2,Ya,3,Tidak,Ya,3,4,3,suka,4,3,4,3,3,3,3,3,3,2,game online dapat mempengaruhi prestasi ,Lebih merangkul mahasiswa dalam akademik 
10/14/2024 10:30:15,NOname114,19,perempuan,SISTEM INFORMASI,3,5,4,3,4,Ya,4,4,Ya,3,5,5,5,5,3,5,3,3,1,Tidak,1,Tidak,Ya,3,1,3,tidak suka,3,3,3,5,3,5,5,5,3,3,tidak ada,tidak ada saran
10/14/2024 10:30:41,NOname115,19 thn,laki-laki,Sistem Informasi,3,2,5,5,6,Tidak,3,3,Ya,5,3,3,3,3,1,3,3,3,3,Ya,3,Ya,Ya,3,3,2,suka,4,3,4,3,3,3,3,3,3,2,Tidak ada,Mengatur jam kuliah yang baik
10/14/2024 10:30:46,NOname116,19,laki-laki,Sistem informasi,3,3,4,4,5 anggota,Ya,3,4,Ya,2,4,3,4,5,3,4,3,3,1,Tidak,3,Ya,Ya,4,3,3,suka,4,3,4,4,4,5,4,2,3,4,Faktor dari luar yang mempengaruhi adalah mendapatkan semangat dan dukungan dari orang-orang tersayang,"Memfokuskan pengajaran pada matakuliah dengan benar, dengan interaktif ke mahasiswa"
10/14/2024 10:31:06,NOname117,20,perempuan,Sistem Informasi,3,5,3,3,4,Ya,2,5,Ya,1,4,2,4,4,2,4,4,3,4,Tidak,1,Tidak,Ya,3,3,4,suka,3,2,3,5,1,2,3,4,3,2,Tidak,Menurut saya sudah cukup
10/14/2024 10:31:08,NOname118,20,laki-laki,Sistem Informasi,3,5,4,4,3,Ya,4,5,Ya,3,3,3,4,5,3,4,5,5,3,Tidak,2,Tidak,Ya,5,3,4,suka,4,3,4,4,5,5,5,5,3,1,Mendapatkan semangat dari orang yang disayang,Belajar dan ikut pelatihan
10/14/2024 10:31:32,NOname119,19,laki-laki,Sistem informasi,3,5,3,3,4,Ya,2,4,Ya,1,5,1,4,4,1,3,4,5,3,Tidak,5,Ya,Ya,3,2,4,suka,3,1,3,2,3,4,4,3,5,5,Ya,Mungkin fasilitas lebih di perbagus lagi. 
10/14/2024 10:31:59,NOname120,19,perempuan,Sistem Informasi,3,4,5,1,7,Ya,3,5,Ya,2,5,4,2,3,1,3,4,2,3,Tidak,1,Tidak,Ya,4,5,5,suka,3,1,4,5,3,5,5,4,2,2,tidak ada,Saran saya dosen mengubah cara mengajar agar belajar lebih menyenangkan 
10/14/2024 10:32:06,NOname121,23,laki-laki,Sistem Informasi,9,4,3,5,6,Ya,4,5,Ya,4,1,4,3,2,4,4,2,5,2,Ya,1,Ya,Ya,4,5,4,suka,3,3,3,5,2,2,2,2,3,1,"Saya memiliki hobi membaca yang membuat saya berani untuk mengekplorasi cakrawala baru di bidang ilmu pengetahuan. Khususnya Filsafat, Sejarah, Sosial, dan Geopolitik","Perbanyak ruang untuk mahasiswa belajar. Saya pernah di tolak untuk menggunakan lab hanya karena tidak ada kelas di lab itu. Perpus bukanya terlalu siang dan tutup terlalu cepat. Perpusnya bagus, tapi tidak efisien untuk mahasiswa belajar. Paling tidak, terapkan jam buka dari jam 08.00 - 20.00. Mengapa perpus harus tutup jam 16.00 ? Saya tidak mengerti, padahal masih ada kegiatan perkuliahan sampai jam 21.00"
10/14/2024 10:32:21,NOname122,19,laki-laki,Sistem Informasi,3,5,4,2,4,Ya,4,5,Ya,2,3,4,5,5,2,3,3,3,2,Tidak,1,Tidak,Ya,4,4,4,suka,3,3,5,5,3,3,3,3,3,2,Motivasi saya sendiri,Jangan malas dan tetap berusaha
10/14/2024 10:32:38,NOname123,19,laki-laki,Sistem Informasi,3,4,4,3,Tiga orang,Ya,3,3,Ya,2,4,2,5,5,1,1,3,3,3,Ya,1,Tidak,Ya,3,4,3,suka,4,2,3,5,3,3,3,3,3,2,Kemalasan diri sendiri dan Motivasi diri sendiri,Jangan malas dan tetap semangat
10/14/2024 10:32:46,NOname124,19,laki-laki,Sistem informasi ,3,5,3,4,2,Ya,4,5,Ya,5,5,2,5,5,5,1,3,3,1,Tidak,1,Tidak,Ya,3,3,4,suka,5,4,5,5,3,3,3,5,3,4,Tidakk,"Tingkatkan yang sudah ada, dan isi kekosongan yang belum ada"
10/14/2024 10:32:54,NOname125,19,laki-laki,Sistem Informasi ,3,3,3,3,5,Ya,2,3,Ya,2,2,3,4,3,2,3,5,4,3,Tidak,,,Ya,4,4,3,suka,3,3,3,5,5,4,5,4,3,3,tidak ada,memperbaiki jam istirahat ketika selesai pembelajaran 
10/14/2024 10:32:57,NOname126,19,laki-laki,Sistem Informasi ,3,4,3,3,3,Ya,2,5,Ya,2,4,2,4,4,1,3,3,3,2,Ya,2,Tidak,Ya,5,4,4,tidak suka,2,4,3,5,3,3,3,3,3,3,Malas melakukan berbagai hal hanya ingin bersantai ,Jangan malas melakukan berbagai hal dan tetap semangat melakukan berbagai hal
10/14/2024 10:34:19,NOname127,20 tahun,laki-laki,Sistem Informasi,Semester 3,4,4,5,4,Ya,3,5,Ya,5,5,5,5,5,5,5,5,4,3,Tidak,1,Tidak,Ya,5,4,4,suka,5,5,5,5,5,5,5,5,1,2,"Tidak ada, semua berjalan normal-normal saja",Lebih efektif lagi dalam meningkatkan prestasi akademik mahasiswa agar menjadi kampus yang lebih baik lagi 
10/14/2024 10:34:29,NOname128,19,laki-laki,Sistem informasi ,3,4,5,4,"4, termasuk saya 5",Ya,4,5,Ya,1,3,4,4,4,1,4,5,3,4,Tidak,,,Ya,4,4,4,suka,4,3,3,4,4,5,5,4,3,1,Tidak ada,
10/14/2024 10:36:09,NOname129,20 tahun,perempuan,Sistem Informasi,3,5,5,5,4,Ya,5,5,Ya,3,5,4,5,5,1,3,4,5,4,Tidak,1,Tidak,Ya,4,5,4,suka,3,1,4,5,3,4,5,4,3,3,Tidak ada,
10/14/2024 10:36:39,NOname130,20,perempuan,Sistem informasi,3,4,3,5,3,Ya,3,4,Ya,4,4,2,4,4,5,5,4,4,2,Tidak,1,Tidak,Ya,4,5,5,suka,5,1,4,4,3,3,5,5,2,1,iyaa,Sarannyaa sering mendakan lomba lomba
10/14/2024 10:37:04,NOname131,19,laki-laki,Sistem informasi ,3,5,4,4,5,Ya,3,4,Ya,2,4,4,4,4,2,5,4,4,3,Tidak,,,,3,5,3,suka,5,2,4,3,3,5,4,4,2,2,Tidak ada ,
10/14/2024 10:42:06,NOname132,19,laki-laki,Sistem Informasi,3,3,5,3,4,Ya,1,5,Ya,4,5,3,3,4,3,4,4,3,3,Tidak,3,Tidak,Ya,4,4,3,suka,5,2,4,4,4,5,4,4,4,4,"dukungan keluarga, secara emosional","Sediakan akses lebih luas ke sumber daya akademik seperti perpustakaan digital, laboratorium yang dilengkapi teknologi terbaru, serta ruang belajar yang nyaman."
10/14/2024 10:44:42,NOname133,19,laki-laki,sistem informasi,3,5,5,3,4,Ya,4,5,Ya,5,5,5,4,2,4,4,5,4,4,Tidak,3,Tidak,Ya,1,3,3,suka,4,1,3,3,4,4,4,4,2,1,dosen ya maap,dosen nya selalu Dateng tepat waktu dan tugas selalu afa
10/14/2024 10:46:33,NOname134,20,laki-laki,Sistem Informasi,3,3,3,3,2,Ya,2,3,Ya,3,4,4,4,3,2,3,3,2,3,Ya,2,Tidak,Tidak,3,5,3,tidak suka,3,3,4,4,2,2,3,2,4,3,"Ya, beberapa faktor eksternal yang mempengaruhi prestasi akademik saya antara lain lingkungan belajar, dukungan dari keluarga dan teman, serta akses terhadap sumber belajar seperti buku dan internet. Selain itu, stres atau masalah kesehatan juga bisa berdampak.","Untuk meningkatkan prestasi akademik mahasiswa, penting untuk menyediakan lebih banyak program bimbingan akademik dan workshop keterampilan belajar. Selain itu SEBAIKNYA tidak meminta mahasiswa untuk membeli buku secara wajib. Menciptakan lingkungan belajar yang kolaboratif dan menyediakan akses yang lebih baik ke sumber daya seperti perpustakaan dan fasilitas penelitian juga sangat membantu."
10/14/2024 10:49:57,NOname135,21,laki-laki,Sistem Informasi,3 (ganjil),2,4,1,3 (Tiga),Tidak,1,3,Ya,5,5,3,4,4,4,1,5,4,3,Ya,3,Ya,Tidak,5,5,3,suka,3,1,3,3,3,3,4,4,3,5,-,-
10/14/2024 10:58:06,NOname136,20,laki-laki,Sistem informasi,Semester 3,4,2,5,4,Ya,1,5,Ya,1,3,5,5,5,1,5,5,3,4,Tidak,,,Ya,5,3,4,suka,3,1,4,4,5,4,4,5,3,1,Tidak ada,Saran dari saya sering belajar tatap muka dari pada belajar online
10/14/2024 10:58:41,NOname137,19 tahun,laki-laki,Sistem Informasi,Semester 3,3,3,4,5,Ya,3,3,Ya,3,4,2,4,3,1,4,4,2,3,Tidak,1,Tidak,Ya,3,5,3,suka,3,3,3,5,4,4,3,4,3,3,Tidak ada,Tingkatkan Pembelajaran 
10/14/2024 11:01:02,NOname138,19,laki-laki,Sistem informasi,3,4,3,1,4,Ya,4,3,Ya,4,5,5,5,5,3,4,3,3,3,Tidak,3,Tidak,Ya,3,4,3,suka,4,3,3,5,3,3,3,3,3,3,bersama teman-teman ,sering belajar bersama teman
10/14/2024 11:02:24,NOname139,20,laki-laki,Sistem Informasi ,7,3,4,4,5,Ya,2,4,Ya,5,3,4,5,4,5,1,2,4,3,Tidak,,,Ya,4,4,4,tidak suka,1,3,4,3,3,3,3,2,2,2,-,"Dosen harus interaktif dalam mengajar, jadi jangan hanya 1 arah saja. dan juga sering mengadakan focus group discussion di dalam kelas saat pembelajaran agar mahasiswa dapat belajar team work dan berfikir kritis"
10/14/2024 11:02:42,NOname140,20,laki-laki,Sistem informasi ,3,4,4,4,3,Ya,4,1,Ya,4,4,4,4,4,4,4,4,4,4,Tidak,4,Tidak,Ya,4,4,3,suka,4,2,4,5,3,4,4,4,3,3,Tidak,Lebih meningkat kan kualitas nya lagi
10/14/2024 11:03:09,NOname141,20,laki-laki,Sistem Informasi ,3,5,3,5,5,Ya,3,4,Ya,2,3,2,4,4,4,4,3,3,3,Tidak,3,Tidak,Ya,3,3,3,suka,3,3,3,3,3,3,3,3,3,3,"ada, jika saya sedih","coba lebih di tingkatkan pembelajaran tiap dosen agar lebih asik dan tida membosankan, lalu fasilitas nya di maksimalkan untuk keperluan mahasiswa"
10/14/2024 11:04:01,NOname142,19,laki-laki,SISTEM INFORMASI,3,4,2,1,7,Tidak,2,4,Tidak,3,3,2,3,1,1,3,3,1,4,Tidak,3,Ya,Ya,3,3,3,suka,3,3,1,1,2,5,4,4,3,3,-,
10/14/2024 11:50:08,NOname143,20 Tahun,laki-laki,Sistem Informasi,3,2,1,1,4,Ya,3,3,Ya,5,1,3,3,3,5,5,3,2,2,Ya,1,Tidak,Ya,5,5,5,tidak suka,3,1,5,5,3,3,3,3,3,3,gaada ,"gaada sih masing-masing aja, setiap orang punya caranya sendiri-sendiri"
10/14/2024 12:04:45,NOname144,19,laki-laki,Sistem Informasi,5,4,4,4,3,Ya,4,1,Ya,4,4,3,3,3,3,3,3,3,3,Ya,3,Ya,Ya,3,4,4,suka,4,4,4,3,2,2,4,3,5,3,tidak ada,-
10/14/2024 18:17:01,NOname145,20,laki-laki,Sistem Informasi ,3,3,2,3,5,Ya,4,5,Ya,2,1,5,4,5,3,3,5,3,4,Tidak,,,Ya,,5,5,suka,4,2,4,5,5,5,5,5,3,1,tidak,
10/15/2024 9:16:54,NOname146,19,laki-laki,Sistem informasi ,3,5,5,5,4,Ya,4,5,Ya,5,5,5,4,5,4,3,5,4,4,Tidak,5,,Ya,3,4,4,suka,3,3,5,5,5,5,5,5,3,1,tidak,mengikuti kelas dengan baik
10/15/2024 11:44:30,NOname147,20,perempuan,Sistem Informasi,5,5,3,3,3,Ya,3,3,Ya,4,3,2,4,4,3,3,4,3,2,Tidak,,,Tidak,2,3,3,tidak suka,2,2,2,3,4,3,3,3,4,3,-,
10/15/2024 11:46:13,NOname148,20,laki-laki,Sistem Informasi,7,5,5,5,4,Ya,4,4,Ya,3,5,3,2,5,1,2,4,3,4,Tidak,,,Ya,4,2,4,tidak suka,2,4,2,5,4,4,3,4,4,2,"faktor eksternal lain yang menurut saya mempengaruhi prestasi akademik adalah persepsi masyarakat/orang sekitar. Ada masyarakat yang memberikan nilai lebih tinggi terhadap jurusan tertentu (misalnya, ilmu kedokteran atau teknik) dibandingkan dengan jurusan lain (seperti seni atau humaniora), dimana hal ini bisa mempengaruhi motivasi belajar dan prestasi akademik. Selain itu, terdapat juga persepsi dan harapan keluarga, contohnya jika keluarga memiliki harapan tinggi terhadap prestasi akademik, mahasiswa cenderung akan merasa terdorong untuk memenuhi ekspektasi tersebut, yang bisa menjadi motivasi atau sebaliknya malah menjadi tekanan.","Saran yang dapat saya berikan untuk meningkatkan prestasi akademik mahasiswa di UMN adalah memperluas akses ke program beasiswa atau bantuan finansial, seperti contohnya pada beasiswa prestasi. Kebanyakan beasiswa prestasi hanya didapatkan oleh mahasiswa tertentu saja, dikarenakan kuotanya yang sangat kecil. Dengan meningkatkan akses ke beasiswa atau bantuan finansial untuk mahasiswa yang lebih membutuhkan, dapat membantu mereka untuk dapat fokus pada studi tanpa beban finansial."
10/15/2024 11:52:52,NOname149,22,laki-laki,Sistem Informasi,9,4,5,4,3,Tidak,1,4,Ya,2,5,5,1,3,1,4,4,2,2,Tidak,,,Ya,4,4,3,tidak suka,1,4,1,4,2,5,2,3,2,2,Tidak ada,Mahasiswa harus dibimbing dan diberitahu aktivitas kampus yang harus dipenuhi untuk mengurangi aktivitas yang harus mahasiswa lakukan selain belajar. Contohnya : membuka media sosial kampus untuk mengetahui event wajib. 
10/15/2024 12:00:45,NOname150,18,laki-laki,Sistem Informasi,1,5,5,5,2,Ya,2,5,Ya,3,1,5,3,1,2,3,4,3,2,Tidak,2,Tidak,Tidak,2,4,3,suka,3,2,5,5,4,4,5,4,3,2,tidak ada ,tidak ada
10/15/2024 12:01:34,NOname151,18 thn,perempuan,sistem informasi,satu,2,5,3,6 orang,Ya,2,5,Ya,2,5,2,3,4,2,4,3,3,2,Tidak,,,Ya,3,2,4,tidak suka,2,2,3,5,2,4,4,3,4,3,tidak,tidak ada
10/15/2024 12:05:30,NOname152,18,laki-laki,sistem informasi,1,5,3,5,4,Ya,4,5,Ya,3,4,5,1,4,3,4,4,4,4,Tidak,1,Tidak,Ya,4,5,5,suka,4,1,4,5,5,5,5,5,2,2,tidak ada,rajin
10/15/2024 12:06:37,NOname153,19,laki-laki,Sistem Informasi,1,4,5,1,3,Ya,3,4,Ya,4,4,2,3,5,4,5,4,3,5,Tidak,,,Ya,4,5,5,suka,3,1,5,5,4,5,5,4,3,1,"ada, yaitu pengolaan diri untuk melakukan hal baru dan belajar lebih jauh",tetap terus mendukung dan membantu berjuang untuk menggapai prestasi para mahasiswa
10/15/2024 12:10:30,NOname154,20,perempuan,SISTEM INFORMASI,5,5,3,1,6,Ya,4,4,Ya,3,4,3,4,4,4,3,4,4,4,Tidak,,,Ya,4,5,4,tidak suka,3,3,3,4,4,4,3,4,4,2,Tidak ada,
10/15/2024 12:10:57,NOname155,19 tahun,perempuan,Sistem Informasi ,1,5,5,4,6 (tidak termasuk saya),Ya,3,5,Ya,3,4,2,3,5,1,3,5,1,5,Ya,3,Tidak,Ya,5,4,4,tidak suka,2,2,5,5,4,4,5,4,3,1,"Kesehatan mental, terkadang kesulitan mengelola stress dan kecemasan.",
10/15/2024 12:14:06,NOname156,18,laki-laki,sistem informasi,1,3,3,2,5 termasuk saya,Ya,2,4,Ya,3,3,3,2,3,3,5,4,2,3,Tidak,,,Ya,4,5,4,tidak suka,2,1,3,5,3,3,4,3,4,4,tidak ,
10/15/2024 12:17:34,NOname157,18,laki-laki,sistem informasi,1,5,3,1,4,Ya,3,5,Ya,4,3,3,2,4,1,3,4,2,3,Tidak,,,Ya,5,5,4,suka,5,3,5,5,3,5,5,5,4,3,tidak ada,meringankan beban tugas mahasiswa dan perbanyak pembelajaran materi onsite
10/15/2024 12:17:35,NOname158,18,laki-laki,Sistem Informasi,Semester 1,5,4,3,5,Ya,1,4,Ya,1,3,5,3,3,2,3,4,2,3,Tidak,,Tidak,Ya,3,4,3,suka,4,1,3,5,4,3,5,4,4,1,tidak ada,tidak ada
10/15/2024 12:20:11,NOname159,20,laki-laki,Sistem informasi ,1,5,5,5,5,Ya,5,3,Ya,5,5,5,5,5,5,3,3,5,5,Tidak,5,Ya,Ya,3,5,3,suka,5,5,5,5,5,5,3,5,1,3,Ada,"Baca rps dan materi ,dan juga harus sering ke perpustakaan "
10/15/2024 12:20:33,NOname160,19 tahun,laki-laki,Sistem Informasi,1,4,3,3,2,Ya,2,3,Ya,5,4,2,4,4,3,4,3,3,4,Ya,4,Tidak,Ya,3,4,3,suka,5,4,2,3,4,4,4,4,3,3,Patah hati,tidak ada
10/15/2024 12:21:17,NOname161,18 tahun,laki-laki,sistem informasi,semester 1,4,1,1,5,Ya,2,3,Ya,3,1,5,1,3,3,4,5,2,5,Tidak,1,Tidak,Ya,3,4,5,suka,4,1,5,5,2,4,5,5,5,1,tidak ada,sampai saat ini sudah cukup baik
10/15/2024 12:21:48,NOname162,18 tahun,perempuan,Sistem informasi,1,4,5,5,4,Ya,5,4,Ya,3,3,3,5,5,3,4,4,5,2,Tidak,,,,,2,4,tidak suka,2,2,5,5,1,5,4,4,4,2,tidak,"saran dan masukan dari saya untuk fasilitas ditingkatkan lebih lagi, tingkatkan pengajaran supaya mahasiswa lebih paham mengenai materi tersebut"
10/15/2024 12:22:41,NOname163,18,laki-laki,Sistem informasi ,1,3,3,2,4,Ya,4,3,Ya,2,2,4,5,4,2,4,3,3,3,Tidak,,,Ya,,3,3,suka,5,1,3,5,2,2,4,4,3,1,Tidak ada,Aktif di kelas
10/15/2024 12:23:48,NOname164,19,perempuan,Sistem Informasi,1,3,4,2,4,Tidak,3,3,Ya,4,3,4,4,5,3,3,4,4,4,Tidak,3,Tidak,Tidak,3,4,4,suka,4,2,4,5,3,3,4,2,4,2,"Lingkungan belajar, kesehatan mental dan fisik, dukungan sosial,  kondisi ekonomi ","Menciptakan lingkungan yang mendukung belajar, Mendorong partisipasi aktif dalam kegiatan akademik"
10/15/2024 12:27:35,NOname165,20,laki-laki,Sistem informasi ,1,5,5,5,5,Ya,5,3,Ya,5,5,5,5,5,5,3,3,5,3,Tidak,1,Ya,Ya,3,5,3,suka,5,5,3,3,5,5,5,5,1,3,Ada,Rajin baca rps dan materi yang sudah di sediakan dan juga rajin rajin ke perpustakaan 
10/15/2024 12:29:08,NOname166,19,perempuan,Sistem informasi,1,5,3,4,6,Ya,4,5,Ya,3,5,3,3,5,3,4,3,1,4,Tidak,1,Tidak,Ya,5,5,5,suka,3,1,3,5,4,5,3,4,3,1,tidak ada,lebih baik lagi
10/15/2024 12:29:38,NOname167,18,laki-laki,sistem informasi,1,5,5,5,4,Ya,2,5,Ya,3,4,3,5,4,1,5,4,2,4,Tidak,1,Tidak,Ya,4,3,5,tidak suka,3,1,5,5,3,3,5,5,4,3,galau si sepertinya ,lebih banyakin waktu belajar onsite si
10/15/2024 12:30:11,NOname168,19 tahun,perempuan,Sistem Informasi,1,4,1,5,5,Ya,3,5,Ya,4,4,1,4,5,2,4,5,4,2,Tidak,1,Tidak,Ya,5,3,3,suka,5,1,4,5,4,5,5,4,1,1,tidak ada,saran saya tingkatkan dalam pembelajaran online agar tetap paham dalam materi yang diberikan secara online
10/15/2024 12:36:05,NOname169,19 tahun,laki-laki,SISTEM INFORMASI ,1,5,4,1,4,Ya,3,4,Ya,3,3,2,2,4,3,3,5,3,4,Ya,2,Tidak,Ya,4,3,5,tidak suka,2,4,4,5,4,5,5,4,3,1,Tidak ada,Belajar dengan giat dan jangan sesekali meninggalkan kelas jika tidak berhalangan 
10/15/2024 12:42:10,NOname170,18,perempuan,Sistem Informasi,1,4,4,4,2,Ya,4,4,Ya,2,3,3,3,3,3,4,5,3,5,Tidak,2,Ya,Ya,3,4,4,suka,3,3,4,5,3,5,5,5,3,1,Tidak ada,Dari saya tidak ada 
10/15/2024 12:42:21,NOname171,18,laki-laki,Sistem informasi ,1,5,5,5,3 orang termasuk saya,Tidak,4,5,Ya,4,5,4,4,5,1,5,5,3,3,Ya,3,Ya,Ya,5,5,3,suka,4,3,5,3,4,5,4,4,5,5,alhamdulilah seperti tidak ada,"Untuk matkul yang seharusnya ada jurusannya mohon kepada dosennya selalu hadir kalo hari pembelajarannya kalo tidak bisa bisa izin ke mahasiswa/i terlebih dahulu, kalo tidak kami yang  tidak tau bagaimana belajar dengan beliau -beliau semua itu sangat penting untuk hal kedepannya."
10/15/2024 12:45:56,NOname172,19,laki-laki,Sistem Informasi ,1,4,3,4,4,Ya,3,3,Ya,1,4,4,3,4,4,4,3,3,4,Tidak,1,Tidak,Ya,5,4,4,suka,4,2,2,2,3,3,5,3,4,2,Tidak ada,Memperbagus sarana dan prasarana di kampus dan dapat menggunakan metode pembelajaran yang menyenangkan 
10/15/2024 12:48:16,NOname173,18,perempuan,Sistem Informasi,1,5,5,3,3,Ya,5,5,Ya,2,4,4,2,5,1,5,5,3,2,Tidak,1,Tidak,Ya,5,4,4,tidak suka,2,1,5,5,3,4,5,4,3,1,tidak,
10/15/2024 12:50:30,NOname174,19 Tahun ,perempuan,Sistem informasi ,1,5,4,1,4,Tidak,5,5,Ya,3,5,5,3,5,2,2,5,3,4,Tidak,5,Tidak,Ya,5,5,4,suka,2,2,2,5,3,3,4,5,4,3,"Mahasiswa yang terlalu individu , yang tidak perduli dengan mahasiswa lain / kerja sama satu tim",Semuanya baik 
10/15/2024 12:55:35,NOname175,19,laki-laki,sistem informasi ,1,5,5,4,3,Ya,5,5,Ya,4,4,4,3,4,3,4,5,4,4,Tidak,1,Tidak,Ya,5,5,5,suka,4,3,5,5,4,5,4,5,3,2,faktor pertemanan dan faktor pacaran karena dari pertemanan bisa saja salah milih pertemanan dan faktor pacaran jika putus itu bisa merubah mood ama sifat seseorang,lebih banyak untuk mengeksplor ke mahasiswa nya suka dibidang apa dan disediakan fasilitas nya 
10/15/2024 12:57:39,NOname176,18,laki-laki,Sistem informasi,1,4,4,3,5,Ya,4,5,Ya,3,3,4,4,4,3,4,4,3,5,Tidak,1,Tidak,Ya,5,5,4,suka,5,3,4,5,3,3,4,4,3,1,Tidak,Belajar lagi dengan giat agar dapat prestasi akademik yang baik
10/15/2024 12:58:05,NOname177,21 Tahun,laki-laki,Sistem Informasi ,1,3,5,2,3 orang,Tidak,2,3,Ya,2,3,3,3,5,2,4,3,2,3,Tidak,,,Ya,3,5,3,tidak suka,2,3,4,5,4,4,4,4,2,2,Saat ini tidak ada,
10/15/2024 12:58:25,NOname178,18,perempuan,sistem informasi ,1,5,1,1,4,Ya,1,5,Ya,3,1,5,3,5,1,5,5,4,5,Tidak,,,Ya,5,5,5,suka,4,1,5,5,3,4,5,4,1,1,tidak ada,
10/15/2024 13:16:24,NOname179,18,laki-laki,Sistem Informasi,1,3,3,2,3,Ya,3,3,Ya,3,3,3,3,3,3,2,3,2,3,Tidak,3,Ya,Ya,3,2,3,suka,3,5,3,5,3,3,3,4,4,2,Sejauh ini belum ada hal yg mempengaruhi prestasi akademik saya,
10/15/2024 13:20:16,NOname180,20,laki-laki,Sistem Informasi,Semester 1,5,5,4,4,Ya,3,3,Ya,3,3,3,3,3,3,3,3,3,3,Tidak,3,Tidak,Tidak,3,3,3,suka,3,3,3,3,3,3,3,3,3,3,tidak,tidak
10/15/2024 13:21:22,NOname181,22,perempuan,Sistem Informasi,7,4,2,3,3,Ya,4,5,Ya,5,4,2,5,5,1,4,5,3,3,Ya,2,Tidak,Ya,5,5,2,suka,3,2,4,5,2,5,4,3,2,1,-,Buat bimbingan akademik yang rutin (dari masing-masing BA) agar seluruh mahasiswa mendapatkan informasi yang sama dan seragam yang dapat meningkatkan motivasi untuk mencapai prestasi akademik
10/15/2024 13:37:24,NOname182,19,perempuan,Sistem Informasi ,1,4,3,4,2,Tidak,2,3,Ya,1,3,5,4,2,2,3,5,3,2,Tidak,,,Ya,2,5,2,suka,3,2,4,5,4,5,5,4,3,1,tidak ada,
10/15/2024 13:42:45,NOname183,19,laki-laki,sistem informasi,1,5,4,5,4,Ya,2,5,Ya,4,5,1,3,4,1,5,4,1,2,Tidak,,,Ya,4,1,4,suka,4,1,3,1,3,5,5,3,1,1,tidak ada,fokus dengan tujuan
10/15/2024 14:20:27,NOname184,18,laki-laki,Sistem Informasi,1,3,3,3,3,Ya,3,2,Tidak,3,4,5,2,4,3,3,3,3,3,Tidak,2,Ya,Tidak,3,4,3,suka,4,3,3,4,3,3,3,3,3,3,tidak,diberikan bimbingan yang baik kepada mahasiswa 
10/15/2024 14:31:02,NOname185,21,laki-laki,Sistem Informasi,7,3,3,5,4,Tidak,5,5,Ya,3,3,5,3,3,4,3,3,4,3,Tidak,3,Tidak,Ya,4,4,4,tidak suka,2,3,3,5,2,3,4,4,3,3,"berdasarkan pengalaman saya (apa yang saya dengar), prestasi itu bukan hanya tentang nilai, tapi karena kita membahas akademik, biasanya akan langsung dikaitkan dengan IPK atau ranking. dalam kasus ini, penting menurut saya untuk mensinergikan/ secara langsung memotivasi mahasiswa dengan memberikan penghargaan akademik lain selain IPK atau nilai mata kuliah, contohnya poin prestasi (SKKM). dalam kasus ini, saat mahasiswa punya sangat banyak poin minat bakat (hasil dari perlombaan-perlombaan yang berhubungan langsung dengan ELO/CLO mata kuliah), maka nilainya bisa ditambah. tentunya mahasiswa juga harus diberikan informasi/ wawasan terkait perlombaan (jangan setengah2, apalagi hanya memberi tahu atau memention sekilas)",bisa berikan lebih banyak opsi untuk mahasiswa memperoleh nilai tambahan dari poin-poin yang diperoleh dari lomba/ bootcamp/ sertifikasi. terima kasih.
10/15/2024 22:23:07,NOname186,18 Tahun,laki-laki,Sistem Informasi ,1,4,3,3,4,Ya,3,3,Ya,3,4,3,3,3,3,4,4,3,4,Tidak,2,Tidak,Ya,3,2,3,suka,4,2,2,2,4,5,5,4,4,1,Tidak ada,Lebih di tingkatkan lagi sistem pembelajaran agar para mahasiswa merasa sangat nyaman
10/16/2024 8:42:53,NOname187,19,laki-laki,Sistem Informasi,5,5,5,2,3,Ya,4,5,Ya,5,4,4,3,4,5,4,3,4,2,Ya,4,Tidak,Ya,3,4,5,suka,4,4,4,5,2,3,4,3,4,2,Support dari orang sekitar,Menyediakan fasilitas yang maksimal kepada mahasiswa
10/16/2024 16:08:43,NOname188,23,laki-laki,Sistem Informasi,2,4,4,4,5,Tidak,3,4,Ya,2,3,3,4,2,4,3,4,3,3,Tidak,,,Ya,2,2,3,suka,3,3,2,3,3,3,4,4,3,2,Tidak ada,"Gunakan fasilitas seperti perpustakaan dan lab dengan sebaik-baiknya. Lebih baik mengerjakan hal-hal yang perlu dikerjakan di situ, jika di rumah/kamar lebih merasa terdistraksi/tidak nyaman. "
10/16/2024 16:14:00,NOname189,18,laki-laki,Sistem Informasi,1,5,3,1,5,Ya,4,5,Ya,3,3,4,4,3,3,4,4,3,5,Tidak,1,Tidak,Ya,5,5,4,suka,5,3,4,5,3,5,4,5,3,1,Tidak,Belajar lebih giat lagi agar mendapat prestasi akademik yang memuaskan
10/16/2024 16:34:19,NOname190,19,laki-laki,Sistem informasi,1,5,5,1,3,Tidak,1,3,Ya,3,5,3,5,5,1,3,5,5,3,Tidak,1,Tidak,Ya,3,4,4,suka,3,2,3,3,4,4,5,5,3,3,tidak ada,mungkin lebih bayak praktek saja 
10/16/2024 16:34:22,NOname191,19,laki-laki,Sistem Informasi,1,5,3,3,3,Tidak,3,5,Ya,3,3,5,5,5,3,4,5,3,4,Tidak,1,Tidak,Ya,5,4,4,suka,4,3,5,4,3,3,4,4,3,3,tidak ada,perbanyak kuliah onsite dibanding kuliah online
10/16/2024 17:25:58,NOname192,21,laki-laki,Sistem Informasi,7,5,5,5,4,Ya,4,5,Ya,3,4,3,4,4,3,3,4,5,3,Ya,4,Tidak,Ya,5,3,5,suka,3,3,4,3,3,4,3,4,3,3,Tidak,Rajin belajar
10/16/2024 17:27:34,NOname193,20,perempuan,Prodi Sistem Informasi ,7,4,4,4,6,Ya,5,4,Ya,3,3,3,4,4,2,3,4,4,3,Ya,3,Tidak,Ya,3,2,4,suka,3,3,4,3,4,4,4,4,3,2,Ketersediaan informasi seperti jurnal dan buku,
10/16/2024 17:27:35,NOname194,20,laki-laki,Sistem Informasi,5,5,3,1,4,Tidak,3,5,Ya,5,3,4,4,4,2,5,4,4,3,Tidak,1,Tidak,Ya,4,2,4,suka,3,2,4,5,4,4,4,3,3,4,-,-
10/16/2024 17:27:37,NOname195,20,perempuan,Sistem Informasi,7,5,5,5,2,Ya,3,3,Ya,5,5,3,3,5,5,1,4,4,4,Ya,3,Ya,Tidak,1,4,4,suka,4,5,5,5,4,5,4,4,4,1,hanya pekerjaan sehingga sulit untuk membagi waktu untuk hadir kuliah secara offline,
10/16/2024 17:29:28,NOname196,21,laki-laki,Sistem Informasi,7,5,5,2,2,Ya,3,5,Ya,1,3,3,3,4,2,3,4,4,5,Tidak,,Tidak,Ya,4,4,4,suka,3,2,3,4,5,5,4,4,3,3,Tidak ada,Tidak ada
10/16/2024 17:29:36,NOname197,21,perempuan,Sistem Informasi,7,5,5,4,4,Ya,5,5,Ya,4,4,5,3,4,4,4,3,4,4,Tidak,,,,,4,4,suka,3,3,4,3,3,3,3,4,3,3,Tidak ada,
10/16/2024 17:29:52,NOname198,20,laki-laki,Sistem Informasi,5,5,4,4,4,Tidak,4,3,Ya,5,3,5,4,4,2,5,4,4,2,Ya,3,Ya,Tidak,3,5,5,suka,5,1,5,5,5,5,5,3,3,4,-,-
10/16/2024 17:30:17,NOname199,17,perempuan,Sistem informasi ,1,5,5,5,6,Ya,5,5,Ya,1,5,5,5,5,1,5,5,5,5,Tidak,1,Tidak,Ya,5,5,5,suka,5,1,5,5,5,5,5,5,1,1,tidak ada ,tidak ada 
10/16/2024 17:30:32,NOname200,22,laki-laki,Sistem Informasi ,7,4,3,4,4,Ya,3,4,Ya,3,3,3,3,3,3,4,4,4,4,Ya,3,Tidak,Ya,4,3,3,suka,4,3,3,3,4,4,4,4,4,3,Tidak ada,Harus lebih aktif di kampus
10/16/2024 17:31:29,NOname201,20,perempuan,Sistem Informasi,5,4,4,4,6,Ya,3,4,Ya,3,3,3,3,4,4,4,4,2,3,Tidak,1,Tidak,Ya,4,3,3,tidak suka,2,4,3,4,4,4,4,4,3,2,Tidak ada,Perbaiki fasilitas kampus
10/16/2024 17:31:51,NOname202,20,laki-laki,Sistem Informasi,7,5,5,5,5,Tidak,4,4,Ya,3,4,2,4,4,2,3,4,3,3,Tidak,1,Tidak,Ya,4,3,3,suka,5,3,4,3,3,5,4,3,3,1,sejauh ini tidak ada,"Untuk meningkatkan prestasi akademik mahasiswa, kampus dapat memperkuat program bimbingan akademik, mengadakan workshop keterampilan belajar seperti manajemen waktu dan teknik mencatat, serta memanfaatkan teknologi dalam pembelajaran melalui platform digital yang memudahkan akses materi dan komunikasi."
10/16/2024 17:33:28,NOname203,22,perempuan,Sistem Informasi,7,5,3,3,5,Ya,5,3,Ya,5,5,3,4,5,3,3,4,5,3,Tidak,,,Ya,4,5,4,suka,3,3,3,4,5,4,4,3,3,4,Keluarga dan teman,Lebih sering untuk mendengarkan saat dosen sedang mengajar
10/16/2024 17:33:32,NOname204,21,laki-laki,Sistem informasi,7,5,5,5,5,Ya,3,5,Ya,3,3,2,2,3,3,4,4,4,3,Ya,3,Tidak,Ya,5,2,5,suka,5,3,3,3,3,5,3,4,3,2,tidak ada,Tidak ada
10/16/2024 17:34:24,NOname205,21,laki-laki,Sistem Informasi,7,4,5,4,3,Ya,4,3,Ya,4,5,2,4,4,1,4,4,4,2,Tidak,,,Ya,2,4,4,tidak suka,2,2,5,3,5,5,4,4,2,4,tidak,
10/16/2024 17:34:39,NOname206,21 Tahun,laki-laki,Sistem Informasi ,7,3,4,3,4,Ya,2,2,Ya,1,4,3,4,4,4,3,4,4,5,Tidak,,,Ya,2,4,4,suka,5,4,3,2,4,4,4,4,3,2,"dikarenakan laptop saya rusak, jadi jika ada tugas kampus atau dosen yang menyuruh membawa laptop saya tidak bisa, dan kurang maksimal untuk belajar. namun lain halnya jika semisal matkul dosen untuk praktek ruangannya ada di lab itu akan memudahkan saya, atau mengadakan praktek online, karena saya mempunyai pc juga dirumah.",-
10/16/2024 17:35:00,NOname207,21,laki-laki,Sistem informasi,7,5,4,3,5,Ya,5,5,Ya,3,3,3,4,4,3,5,5,5,4,Ya,3,Tidak,Ya,3,3,5,suka,5,3,4,3,4,4,5,5,3,3,tidak ada,tidak ada
10/16/2024 17:35:10,NOname208,21,laki-laki,Sistem Informasi ,7,5,4,1,5,Ya,3,5,Ya,5,1,3,3,3,1,4,4,4,3,Tidak,,,Ya,5,3,4,suka,4,1,4,5,5,5,4,3,3,2,Tidak ada,Fokus untuk menempuh masa pembelajaran selama kuliah
10/16/2024 17:37:10,NOname209,22,laki-laki,Sistem Informasi,7,5,3,2,4,Ya,4,4,Ya,5,5,5,5,4,5,4,3,4,3,Tidak,3,Tidak,Ya,3,3,4,suka,4,4,3,4,4,3,4,3,3,5,Tidak Ada,
10/16/2024 17:39:37,NOname210,22,laki-laki,Sistem Informasi,7,5,5,3,3,Ya,4,5,Ya,1,4,4,4,5,4,4,4,3,3,Tidak,,,Ya,5,5,5,suka,4,2,4,5,4,4,4,5,3,1,"menurut saya ada faktor external yg memperngaruhi prestasi akademik yaitu hobi, terkadang terdapat beberapa orang terlalu fokus dengan hobinya",menurut saya harus diadakan pembelajaran interaktif yang membuat mahasiswa enjoy dengan kuliahnya dan jangan hanya berpatokan pada nilai
10/16/2024 17:42:34,NOname211,24,laki-laki,Sistem Informasi,7,5,3,3,6,Ya,5,5,Ya,4,2,5,3,5,2,5,5,5,3,Tidak,5,Tidak,Ya,5,5,5,suka,5,3,5,5,5,5,5,5,3,3,tidak ada,tidak ada
10/16/2024 17:43:15,NOname212,24,laki-laki,Sistem informasi,7,4,3,3,4,Tidak,2,3,Ya,4,1,3,3,3,1,3,4,4,5,Ya,3,Ya,Ya,3,5,3,tidak suka,3,4,4,2,3,3,5,4,3,3,Tidak ada,-
10/16/2024 17:44:57,NOname213,21 tahun,perempuan,Sistem Informasi,7,3,3,3,3,Tidak,3,4,Ya,3,4,2,5,5,2,5,3,3,3,Tidak,3,Tidak,Ya,3,3,3,tidak suka,3,3,3,5,3,3,3,3,3,3,Tidak ada,
10/16/2024 17:53:01,NOname214,20 Tahun,laki-laki,Sistem Informasi,5,5,5,5,4,Ya,4,4,Ya,5,4,3,4,5,3,4,4,5,4,Tidak,,,Ya,4,5,4,suka,5,2,5,4,3,5,4,3,3,3,kebisingan pembangunan gedung yang pengerjaannya di siang hari yang menyebabkan kegiatan pembelajaran terganggu,bimbingan dosen kepada mahasiswa lebih diperhatikan dalam pembahasan materi dan materi yang update terhadap perkembangan zaman dan teknologi
10/16/2024 17:55:25,NOname215,21 tahun,perempuan,Sistem Informasi,7,5,3,1,6,Ya,2,2,Ya,5,4,2,4,5,5,4,4,3,2,Ya,3,Ya,,,1,5,suka,3,4,4,5,3,4,4,3,4,1,tidak ada,Adakan mentoring/clu belajar yang menunjang prestasi mahasiswa dan berkolaborasi dengan HIMA juga BIROMAWA
10/16/2024 18:10:13,NOname216,21,laki-laki,Sistem Informasi ,7,3,3,3,4,Ya,4,4,Ya,3,3,3,3,3,3,3,2,2,2,Ya,2,Tidak,Ya,4,3,3,suka,3,2,2,2,3,3,2,2,2,2,tidak,tidak
10/16/2024 18:27:18,NOname217,25,laki-laki,Sistem informasi,7,4,5,4,5,Ya,5,4,Ya,5,5,5,5,5,5,5,5,5,3,Tidak,3,Tidak,Ya,3,5,5,suka,3,3,3,3,5,4,4,3,3,3,Iya,Iya
10/16/2024 18:30:46,NOname218,20,laki-laki,sistem informasi ,5,5,5,5,5,Ya,3,4,Ya,4,4,4,4,4,4,4,4,4,4,Tidak,4,Tidak,Tidak,4,4,4,suka,3,3,4,3,4,4,4,4,4,4,tidak ada,saran saya untuk AC kelas lebih di perhatikan 
10/16/2024 18:33:47,NOname219,21,perempuan,Sistem Informasi,7,5,5,5,8,Ya,3,3,Ya,5,5,5,4,5,3,3,5,5,1,Ya,5,Tidak,Tidak,2,2,5,suka,2,5,5,5,4,5,5,4,4,1,ada,belajar terus
10/16/2024 18:48:47,NOname220,20,laki-laki,Sistem Informasi,5,3,3,4,5,Ya,1,3,Ya,5,5,5,3,5,1,1,3,5,5,Tidak,1,Tidak,Ya,3,1,1,suka,4,5,4,5,5,5,5,5,3,4,Tidak Ada,Saya mohon untuk menerima surat permohonan barang dari Lab Data Monetize karena hal tersebut sangat berpengaruh dengan nilai akademik mahasiswa
10/16/2024 20:01:22,NOname221,25,laki-laki,sistem informasi,3,5,5,5,5,Ya,5,4,Ya,5,5,5,5,5,5,5,5,5,5,Ya,5,Ya,Ya,5,5,4,suka,5,5,5,5,5,5,5,5,5,5,tidak,khusus kelas karyawan harus giat kuliah
10/16/2024 20:02:01,NOname222,20,laki-laki,Sistem Informasi,5,5,4,3,4,Ya,5,2,Ya,1,3,4,2,2,1,5,4,3,5,Ya,5,Ya,Tidak,2,5,4,suka,4,4,3,2,2,1,5,4,3,3,Tidak ada,Meningkatkan kualitas pengajaran dari dosen dan fasilitas yang mendukung pembelajaran
10/16/2024 20:02:25,NOname223,20,laki-laki,sistem informasi,3,5,3,2,3,Ya,4,2,Ya,1,5,5,3,5,2,1,5,2,3,Ya,2,Ya,,2,5,5,suka,3,2,5,5,2,3,5,3,3,1,keterbatasan uang untuk beberapa keperluan kuliah,perbanyak beasiswa
10/16/2024 20:03:14,NOname224,29th,perempuan,Sistem Informasi,4,3,3,2,Tidak ada,Tidak,1,1,Ya,1,5,3,3,3,5,3,3,3,5,Ya,5,Ya,Tidak,1,5,5,suka,5,5,5,3,5,5,4,4,4,1,Karena saya bekerja terkadang banyak kegiatan dan pekerjaan yang membutuhkan tenaga dan fikiran sehingga waktu belajar tidak ada,Adakan Les berbayar untuk kompetensi tertentu
10/16/2024 20:03:19,NOname225,19,laki-laki,Sistem Informasi,3,5,3,1,5,Ya,1,3,Ya,1,1,1,1,1,1,5,5,3,3,Ya,3,Ya,Ya,3,2,3,suka,4,1,3,3,2,3,5,4,3,5,Uang,
10/16/2024 20:03:23,NOname226,28,laki-laki,Sistem Informasi,6,5,3,5,3,Tidak,4,3,Ya,3,3,3,1,1,2,1,3,3,4,Ya,3,Ya,Ya,3,4,5,suka,5,4,3,2,4,4,4,5,4,1,Pekerjaan,
10/16/2024 20:04:02,NOname227,20,perempuan,Sistem Informasi ,4,4,5,3,5,Ya,1,3,Ya,2,5,5,1,5,1,1,3,3,5,Ya,2,Ya,Ya,5,4,5,suka,4,1,4,4,2,2,3,1,4,1,Tidak ada,Menurut saya sebaiknya dosen mengajar tidak hanya menjelaskan materi saja tetapi mempraktikannya juga agar mahasiswa lebih paham terhadap mata kuliah yang diajarkan.
10/16/2024 20:04:28,NOname228,19,perempuan,Sistem Informasi,3,3,4,4,6,Ya,1,4,Ya,5,5,4,3,3,1,2,4,1,2,Ya,3,Ya,Ya,3,2,4,tidak suka,2,4,3,2,2,4,4,4,3,2,tidak,aktif dalam diskusi kelas
10/16/2024 20:04:30,NOname229,52,laki-laki,Sistem Informasi,3,4,3,4,3,Ya,2,3,Ya,3,4,4,3,4,2,3,4,4,4,Ya,4,Ya,Ya,3,4,4,suka,4,2,3,4,3,4,4,4,3,2,Tidak,Meemberikan tugas atau pelatihan yng ringan tidak sekiranya dapat dilakukan sambil bekerja..
10/16/2024 20:05:12,NOname230,40,perempuan,Sistem Informasi,4,4,3,4,4,Tidak,4,4,Ya,1,4,5,3,3,1,3,4,3,3,Ya,4,Ya,,,4,3,suka,3,2,3,4,4,4,4,5,3,1,tidak ada,dosen lebih baik dan interaktif dalam memberikan ilmu
10/16/2024 20:05:54,NOname231,20,laki-laki,Sistem Informasi,3,5,4,4,4,Tidak,3,5,Ya,3,4,3,3,5,4,3,4,3,4,Ya,4,Ya,Ya,3,5,4,suka,5,2,3,3,4,4,4,4,2,2,Tidak,Kelas mengajar yang asik dan nyaman agar mahasiswa tidak bosan 
10/16/2024 20:07:22,NOname232,39,laki-laki,Sistem Informasi,4,5,2,1,4,Tidak,2,3,Ya,3,4,4,4,4,1,5,4,3,5,Ya,4,Ya,Tidak,5,5,5,suka,4,1,5,5,3,5,5,5,3,3,Tidak ada,Semoga makin sukses dan berkembang terus
10/16/2024 20:09:37,NOname233,22 Tahun,perempuan,Sistem Informasi,Semester 3,4,5,2,4 Orang,Ya,1,3,Ya,3,4,3,3,4,1,3,4,4,3,Ya,4,Ya,,,1,5,suka,3,3,3,2,5,5,5,4,4,3,Kesehatan Mental,Untuk kelas karyawan jadwal jam perkuliahan lebih dibuat menjadi efisien dan mudah
10/16/2024 20:14:52,NOname234,22,perempuan,sistem informasi,3,5,3,3,2,Ya,4,2,Ya,2,4,4,5,5,1,5,5,5,5,Ya,4,Ya,Ya,4,3,4,suka,3,1,5,2,5,5,5,5,1,2,tidak begitu berpengaruh,lebih di tingkatkan lagi
10/16/2024 20:25:51,NOname235,20,laki-laki,Sistem informasi,3,3,3,3,3,Ya,3,3,Ya,3,3,3,3,3,3,3,3,3,3,Ya,3,Ya,Tidak,3,3,3,suka,4,3,3,3,3,3,3,3,3,3,tidak adaa,belajar yang bener
10/16/2024 20:31:16,NOname236,22,laki-laki,SISTEM INFORMASI,4,5,5,5,3,Ya,5,5,Ya,5,5,5,5,5,5,5,5,5,5,Ya,5,Ya,Ya,5,5,5,suka,3,5,5,5,5,5,5,5,5,5,Tidak ada,Cukup
10/17/2024 13:10:35,NOname237,21,laki-laki,Sistem informasi ,7,5,5,4,4,Tidak,4,5,Ya,5,5,3,5,5,5,5,4,3,3,Ya,3,Tidak,Ya,5,2,4,tidak suka,2,5,3,2,3,5,3,3,3,2,"Saya punya passion di musik, jadi saya lebih mengutamakan kegiatan saya atau hal hal yang berhubungan dengan musik ",.
10/30/2024 16:49:02,NOname238,20,laki-laki,Sistem informasi,5,5,5,5,1,Tidak,5,5,Ya,5,5,5,5,5,5,5,5,5,5,Tidak,5,Tidak,Ya,5,5,5,suka,5,5,5,5,5,5,5,5,5,5,Tidak,Sudah baik
10/30/2024 16:53:27,NOname239,20,laki-laki,sistem informasi,5,4,4,4,5,Ya,4,4,Ya,4,4,2,3,4,4,3,4,4,4,Tidak,1,Tidak,Ya,3,4,4,suka,4,3,3,3,4,5,4,4,3,2,-,-
10/30/2024 17:16:31,NOname240,20,laki-laki,Sistem Informasi,5,5,1,1,5,Ya,3,5,Ya,3,4,5,4,3,4,5,3,3,1,Tidak,4,Ya,Ya,5,5,5,suka,3,3,3,4,2,1,4,3,2,1,-,Wifi jangan lag
10/30/2024 17:20:29,NOname241,20,laki-laki,Sistem Informasi,5,2,3,2,5,Ya,2,5,Ya,4,4,4,5,5,4,2,4,4,3,Tidak,,,Ya,,4,4,tidak suka,3,4,4,3,3,4,4,4,3,3,Tidak ada,
10/30/2024 17:28:52,NOname242,19,laki-laki,Sistem Informasi,5,4,5,5,4,Tidak,4,5,Ya,5,5,2,4,5,5,3,4,3,4,Tidak,,,Ya,4,3,4,suka,4,3,4,5,3,4,4,3,5,4,-,-
10/30/2024 17:31:59,NOname243,20,perempuan,sistem informasi,5,5,5,5,4,Ya,5,5,Ya,5,5,3,5,4,3,2,3,3,3,Tidak,,,Ya,5,3,5,tidak suka,2,3,3,5,5,5,5,4,4,3,-,-
10/30/2024 17:56:01,NOname244,19,perempuan,Sistem Informasi,5,5,4,2,3,Ya,4,1,Ya,3,3,5,4,4,3,5,2,5,4,Tidak,,,Ya,2,4,5,tidak suka,2,1,2,5,3,2,3,2,4,4,-,Fokus pada Tujuan dan berserah kepada yang Maha Esa
10/30/2024 18:03:59,NOname245,20,laki-laki,Sistem Informasi,5,4,2,2,4,Tidak,2,5,Ya,3,4,2,4,5,3,4,4,4,3,Tidak,2,Tidak,Ya,5,2,4,suka,5,4,4,5,4,5,4,5,2,2,menurut saya faktor seperti pertemanan dan lingkungan yang positif mempengaruhi prestasi akademik. ,tidak ada
10/30/2024 18:30:59,NOname246,19,perempuan,Sistem Informasi,5,2,5,4,8,Ya,2,3,Ya,4,5,2,2,5,2,2,3,3,2,Tidak,,,,,4,3,tidak suka,3,4,3,5,2,3,3,2,4,2,faktor lingkungan yang jauh dari akses ke kampus atau fasilitas pendidikan yang memumpuni mungkin bisa menjadi pengaruh prestasi akademik karena bisa saja lelah diperjalanan sehingga tidak bisa fokus untuk belajar,Lebih sadar akan pentingnya pendidikan 
10/30/2024 19:03:06,NOname247,19,laki-laki,Sistem Informasi,5,4,5,4,3,Tidak,2,3,Ya,4,4,3,3,4,2,4,4,4,3,Tidak,,,Ya,,4,4,suka,4,2,4,3,5,5,4,4,4,4,Mood dan pengaruh sosial.,
10/30/2024 20:07:28,NOname248,21,laki-laki,Sistem Informasi,7,5,5,5,3,Ya,5,4,Ya,5,5,5,2,4,1,1,4,2,2,Tidak,1,Tidak,Ya,2,4,2,suka,4,1,1,2,5,5,4,1,5,5,-,-
10/30/2024 20:14:56,NOname249,20,laki-laki,Sistem informasi ,5,4,5,4,5,Ya,3,3,Ya,4,5,5,5,5,5,4,5,4,5,Ya,2,Ya,Tidak,2,4,4,suka,5,4,3,4,4,5,5,3,2,3,Harapan orang tua,Harapan orang tua 
10/30/2024 20:25:13,NOname250,19,perempuan,SI,3,5,2,3,3,Tidak,3,5,Ya,5,5,5,5,5,1,5,5,5,3,Tidak,,,Ya,,3,5,tidak suka,1,1,4,5,3,5,5,5,3,1,"mungkin kultur ya, karna aku 12 tahun di jaksel jdi agak aneh klo manggil kating dengan panggilan ""koko"" atau ""cici"". karna panggilan itu kalau di jaksel jatuhnya spt merendahkan",
10/30/2024 21:04:29,NOname251,20,laki-laki,Sistem Informasi,5,4,5,4,2,Ya,3,5,Ya,4,5,3,4,4,2,4,5,4,4,Tidak,,,Ya,,3,5,suka,4,4,4,2,5,4,4,4,3,3,Tidak ada,Tidak ada
10/30/2024 21:11:45,NOname252,20,perempuan,Sistem Informasi,5,5,5,5,3,Tidak,5,5,Ya,5,5,1,5,5,1,5,5,3,1,Tidak,,,Ya,5,1,5,tidak suka,2,1,5,4,2,5,3,5,5,5,kurangnya fokus dalam mengerjakan tugas kuliah yang disebabkan adanya aktivitas seperti kepanitiaan yang diikuti.,"untuk tidak mengadakan kelas pengganti/seminar diwaktu berbarengan dengan kelas lainnya..dikarenakan dapat mempengaruhi absensi dan juga menyebabkan ketidaktahuan dalam materi yang disampaikan oleh Dosen,walau boleh absen..namun lebih baik diadakan diwaktu saat pelajaran..dikarenakan baik materi kelas maupun materi seminar adalah 2 hal yang bisa dikatakan sama sama penting. namun apabila harus memilih salah satunya..akan mengakibatkan ketinggalan informasi mengenai matkul tersebut"
10/30/2024 21:21:29,NOname253,23,laki-laki,Sistem Informasi,5,5,4,5,3,Ya,2,5,Ya,2,4,5,4,5,2,5,4,5,4,Ya,2,Tidak,Ya,5,4,4,tidak suka,3,1,4,5,5,5,4,4,2,4,"Ada beberapa dosen yang memang SUBJEKTIF, itu sangat mengganggu prestasi akademik",Kurangi dosen yang SUBJEKTIF
10/30/2024 21:46:07,NOname254,20,laki-laki,Sistem Informasi,5,4,3,3,1,Tidak,4,5,Ya,2,4,4,2,3,1,4,4,3,4,Tidak,,,Ya,5,2,4,tidak suka,2,2,4,2,2,1,4,2,4,5,Tidak,
10/30/2024 22:11:04,NOname255,19,perempuan,SIstem Informasi,5,4,5,1,3,Tidak,2,4,Ya,3,4,2,2,4,1,1,1,2,1,Tidak,,,,,2,2,tidak suka,2,1,4,5,1,1,1,2,3,2,"Kondisi ruangan, seperti suhu ruangan. Suhu dari ruangan kelas sangat mempengaruhi saya dalam belajar.  Kelas yang sangat panas karena kurang angin akan menurunkan kemampuan saya untuk fokus dalam belajar",Perbaiki AC
10/30/2024 22:17:01,NOname256,20,laki-laki,Sistem Informasi,5,5,2,1,4,Ya,3,4,Ya,2,3,2,3,3,2,1,3,3,3,Tidak,,,,,2,4,suka,2,1,4,4,3,4,4,4,3,2,Tidak Ada,
10/30/2024 22:23:43,NOname257,20,perempuan,sistem informasi,5,5,4,1,4,Ya,4,3,Ya,3,4,3,2,5,3,3,4,4,2,Tidak,,,,,4,4,tidak suka,2,1,5,5,4,4,4,4,3,4,-,dengerin dosen pada saat menjelaskan materi di kelas
10/30/2024 22:23:55,NOname258,20,perempuan,Sistem Informasi,5,4,4,4,3,Ya,4,4,Ya,3,4,4,4,4,2,3,4,4,2,Tidak,,,,,3,4,tidak suka,1,2,3,5,3,4,4,4,4,4,tidak ,-
10/30/2024 23:51:53,NOname259,20,perempuan,sistem informasi ,5,4,4,4,4,Ya,2,4,Ya,3,4,5,3,4,3,4,4,4,2,Tidak,,,Ya,3,2,4,tidak suka,2,3,4,3,4,4,4,4,3,4,ada dosen yang menilai tugas dan ujian  tidak sesuai dengan kriteria skor/penilaian per rubrik. ,mungkin bisa mencoba mengundang google student developer club dan AIESEC untuk open di UMN
10/30/2024 23:57:32,NOname260,20,laki-laki,Sistem Informasi,5,5,5,5,6,Ya,5,5,Ya,5,5,5,5,5,1,3,3,3,5,Ya,3,Tidak,Ya,2,3,4,suka,4,5,4,4,4,4,4,4,4,4,menurut saya sudah terjawab di seluruh form tersebut,menurut saya kuncinya adalah niat dan jangan malas
10/31/2024 1:43:26,NOname261,21,perempuan,sistem informasi ,5,5,2,5,5,Tidak,5,5,Ya,5,3,3,5,5,3,2,4,5,2,Tidak,1,Tidak,Ya,5,5,5,suka,5,2,4,5,2,5,4,4,4,4,-,"menurut saya hal yang saya rasakan saat ini adalah dimana sering terjadi deadline tugas yang tidak banyak waktunya di berikan oleh dosen , karena sebagai mahasiswa kami tidak bisa  memfokuskan diri kami dalam satu mata kuliah jika di beri waktu yang begitu pendek, perlu di ketahui kami mahasiswa juga banyak deadline tugas yang ada di mata kuliah lain nya jadi di mohon untuk bapak ibu dosen di mengerti ğŸ™"
10/31/2024 8:40:00,NOname262,21,laki-laki,Sistem Informasi,7,5,5,5,3,Ya,5,5,Ya,3,5,5,5,5,5,5,5,5,5,Tidak,1,Tidak,Ya,5,5,5,suka,5,5,5,5,3,5,5,5,4,4,tidak,cukup
10/31/2024 8:54:56,NOname263,19,perempuan,Advanced Big Data,5,4,4,1,8,Ya,3,3,Ya,3,5,4,5,5,3,4,5,5,5,Tidak,2,Tidak,Ya,5,3,4,suka,3,3,5,4,3,4,3,4,4,4,-,-
10/31/2024 9:04:31,NOname264,21,laki-laki,Sistem Informasi ,7,4,1,1,6,Ya,3,5,Ya,2,5,4,4,5,2,5,5,4,3,Tidak,1,Tidak,Ya,5,1,5,suka,4,5,2,5,3,4,5,4,5,3,Tidak ada,Tidak ada
10/31/2024 12:17:00,NOname265,20,laki-laki,Sistem Informasi,5,4,4,4,2,Ya,4,4,Ya,4,4,4,4,4,4,4,4,4,2,Tidak,3,Ya,Ya,4,4,4,suka,5,4,4,1,3,4,4,4,4,3,tidak ada ,sudah baik
10/31/2024 12:39:28,NOname266,20,perempuan,Sistem Informasi,5,5,5,2,3,Ya,3,5,Ya,4,4,3,4,5,3,3,4,4,3,Tidak,,,Ya,5,4,4,tidak suka,3,3,4,3,4,4,4,4,4,2,Tidak ada,Dengan menambah fasilitas ruang belajar yang memudahkan mahasiswa seperti untuk kerja kelompok atau lainnya
10/31/2024 13:03:38,NOname267,20,laki-laki,Sistem Informasi,5,5,5,5,4,Ya,5,5,Ya,5,5,5,5,5,5,5,5,5,5,Tidak,3,Ya,Ya,4,5,5,suka,3,5,5,5,4,5,5,4,4,4,-,Sudah baik
10/31/2024 15:15:18,NOname268,20,perempuan,Sistem Informasi,5,4,4,3,4,Ya,4,5,Ya,4,4,4,4,4,2,4,4,4,3,Tidak,,,Ya,5,3,4,tidak suka,2,4,4,3,4,4,4,4,4,4,Tidak ada,
10/31/2024 19:13:23,NOname269,21,laki-laki,Sistem Informasi,5,5,5,5,4,Tidak,2,4,Ya,4,5,4,5,5,2,3,3,3,2,Tidak,,,Ya,3,2,5,tidak suka,3,4,4,5,3,3,4,4,4,1,Tidak ada untuk saat ini,Tidak ada untuk saat ini
11/1/2024 8:45:02,NOname270,21,laki-laki,Sistem Informasi,5,3,5,3,5,Ya,3,2,Ya,4,5,2,3,5,5,1,4,3,2,Ya,4,Ya,Tidak,1,3,2,suka,3,5,5,1,2,2,5,3,5,5,pekerjaan dan absensi,jika ada masalah absensi karena mahasiswa ada pekerjaan yang sangat di haruskan untuk bekerja pada hari itu boleh diringankan dengan cara di absensi dan diberikan tugas tambahan atau apa lainnya
11/1/2024 12:42:13,NOname271,21,perempuan,sistem informasi,7,3,2,2,3,Tidak,1,5,Ya,4,3,2,2,4,4,4,4,4,2,Tidak,3,Tidak,Ya,4,5,4,suka,4,4,4,4,3,2,4,3,3,2,mengikuti pelatihan2 diluar/bootcamp,adanya pelatihan soft skill maupun hard skill yang diadakan secara intensif. Jika berbayar tidak terlalu mahal agar tidak terbebankan mahasiswa
11/1/2024 13:39:34,NOname272,20,laki-laki,Sistem informasi,5,4,3,4,5,Ya,2,3,Ya,5,5,4,5,5,5,1,4,4,3,Tidak,,,Ya,1,4,3,suka,3,5,4,5,5,5,3,3,5,3,Game,Gausah malas 
11/1/2024 13:59:27,NOname273,22,perempuan,BBS,8,4,4,3,5,Ya,4,4,Ya,4,4,4,3,4,4,4,4,4,2,Ya,4,Ya,Tidak,4,3,4,tidak suka,3,3,4,5,4,3,4,4,2,4,tidak ada,fasilitas (ruangan) yang cukup untuk nugas tanpa berisik
11/1/2024 14:02:07,NOname274,21,perempuan,Sistem Informasi,7,3,5,5,2,Tidak,1,4,Ya,2,2,1,1,4,4,3,4,2,2,Ya,4,Ya,Tidak,4,4,3,suka,3,4,3,5,3,3,4,3,4,2,-,
11/1/2024 14:02:35,NOname275,19,perempuan,Ilmu Komunikasi,5,4,4,4,4,Ya,5,4,Ya,3,4,4,5,5,5,2,4,5,4,Tidak,,,,,4,4,tidak suka,1,5,2,5,5,5,5,4,5,4,tidak ada,pengelolaan waktu yang baik
11/1/2024 14:09:52,NOname276,21,perempuan,pendidikan guru madrasah ibtidaiyah,5,4,3,3,4,Ya,3,4,Ya,2,5,3,3,3,1,4,4,4,5,Ya,4,Tidak,Ya,4,3,3,suka,3,1,5,5,3,4,3,3,4,4,tidak ada,"lebih fokus sama tujuan kuliahnya untuk apa, banyakin doa tetep berusaha dan pantang menyerah"
11/1/2024 14:21:58,NOname277,22,perempuan,si,7,3,5,1,5,Tidak,1,5,Ya,4,5,5,3,4,3,5,5,3,5,Tidak,,,Ya,3,5,5,tidak suka,1,2,5,5,2,3,3,2,3,1,-,
11/1/2024 14:25:44,NOname278,21,laki-laki,Arsitektur,7,5,5,1,6,Ya,3,5,Ya,4,5,3,5,5,5,5,4,3,2,Tidak,,,Ya,5,3,5,tidak suka,2,4,5,5,4,5,4,4,4,2,"Cukup, secara garis besar sudah terbahas",
11/1/2024 14:32:30,NOname279,21,perempuan,International Business Management,7,4,4,3,5,Ya,3,5,Ya,4,3,2,2,4,1,2,4,4,3,Tidak,2,Tidak,Ya,3,2,3,tidak suka,2,4,4,4,3,3,4,4,3,2,Waktu Penggunaan Media Sosial dan Trend,Pembagian Deadline tugas yang dibuat beragam dan tidak berfokus pada 1 waktu sehingga time management akan lebih baik.
11/1/2024 14:32:44,NOname280,21,laki-laki,Bisnis,7,5,4,3,6,Tidak,3,5,Ya,5,5,4,4,4,3,4,4,4,3,Tidak,3,Tidak,Ya,4,4,4,suka,4,3,4,5,3,4,3,4,4,3,"Mental, adaptasi dengan lingkungan sekitar",terus mendukung kegiatan mahasiswa untuk mendorong proses bersosialisasi
11/1/2024 14:45:15,NOname281,21,perempuan,Manajemen,7,5,5,5,4,Ya,4,5,Ya,5,4,4,4,4,4,3,3,2,1,Ya,5,Tidak,Ya,5,5,4,suka,5,5,3,5,4,4,4,4,4,2,Overthinking,"Memperbanyak fasilitas untuk mahasiswa, sebagai contoh untuk mahasiswa yang mau menuju semester akhir, diberikan kelas untuk belajar software untuk mendukung pengolahan data mereka seperti SPSS, SmartPLS, dan mungkin berbagai software yang lainnya. Dikarenakan tidak semua orang sudah mengerti dan rata-rata kami masih awam dalam hal tersebut, maka dari itu kami perlu belajar hal tersebut secara matang dari jauh-jauh hari agar tidak kaget dan lancar. Terima kasih!"
11/1/2024 14:55:24,NOname282,20,perempuan,Psikologi ,5,3,3,3,3,Ya,2,4,Ya,5,5,3,3,5,3,1,4,4,3,Tidak,,,Ya,3,4,5,suka,4,3,4,2,4,3,4,5,4,2,"Lingkungan pertemanan, lingkungan kelas, pengajaran dosen ",Motivasi internal dan lingkungan yang mendukung untuk meningkatkan prestasi
11/1/2024 15:07:34,NOname283,20,laki-laki,Informatika,5,5,5,5,5,Tidak,5,5,Ya,3,4,4,4,5,3,4,5,4,5,Tidak,1,Tidak,Ya,1,4,5,suka,3,5,5,5,5,4,5,5,3,5,"tidak, tdi sudah mencakup semua",fasilitas lebih baik lagi terutama wifi
11/1/2024 15:42:38,NOname284,20,laki-laki,Ekonomi Pembangunan,5,4,4,4,4,Tidak,3,5,Ya,5,4,4,4,4,4,4,5,4,3,Tidak,1,Tidak,Ya,3,4,4,suka,5,4,4,5,3,4,4,3,4,3,waktu tidur yang kurang ,tidur yang cukup laa biar pinter
11/1/2024 16:08:41,NOname285,19,laki-laki,Manajemen,3,4,4,4,2,Ya,2,4,Ya,5,4,2,4,4,5,4,4,4,5,Tidak,,,Ya,,4,4,suka,4,4,4,5,2,5,4,4,2,2,"stress, capek, ajakan main teman",berusaha untuk tidak terpengaruh dan mampu mengelola diri
11/1/2024 17:49:19,NOname286,21,laki-laki,Akuntansi ,7,4,4,3,5,Ya,3,2,Ya,3,3,2,3,4,3,3,3,3,2,Tidak,,,Tidak,2,2,4,suka,3,4,4,3,4,4,3,2,4,4,Faktor mental pada diri sendiri,
11/1/2024 18:27:15,NOname287,20,perempuan,Sastra Inggris ,5,5,4,5,3,Ya,5,4,Ya,4,5,1,4,5,4,3,3,3,2,Tidak,,,Ya,4,3,5,tidak suka,1,4,3,5,2,3,3,2,4,1,Lingkungan,"Memberikan fasilitas yang sesuai yang mendukung prestasi akademik mahasiswa, contohnya dengan ruang diskusi atau ruang belajar bersama yang masih kurang di kampus saya"
11/1/2024 19:14:03,NOname288,21,perempuan,Psikologi,7,5,5,5,3,Ya,3,5,Ya,5,5,5,5,5,5,4,4,5,4,Ya,4,Tidak,Ya,,2,5,suka,4,5,4,3,4,5,2,2,3,1,Tidak asa,Meningkatkan fasilitas dpembelajaran di kampus (ketersedian kelas)
11/1/2024 23:04:18,NOname289,19,perempuan,Kesehatan Masyarakat,3,4,3,4,6,Ya,4,3,Ya,5,3,3,4,5,5,3,3,2,3,Tidak,,,Ya,2,4,2,tidak suka,2,4,3,2,2,3,3,4,2,3,Faktor internal dari diri sendiri seperti suasana hati dan juga pikiran,Lingkungan yang nyaman dan fasilitas pembelajaran yang memadai
11/2/2024 9:23:48,NOname290,21,perempuan,Psikologi,3,5,5,5,3,Tidak,4,5,Ya,4,4,4,3,3,3,4,3,4,3,Tidak,,,,,3,4,tidak suka,3,4,4,5,5,5,5,3,3,4,-,Fasilitasnya perlu ditingkatkan lagi
11/2/2024 15:28:19,NOname291,19,perempuan,strategic communication,3,5,5,5,4 (termasuk saya),Ya,5,5,Ya,5,5,5,1,3,4,4,3,4,4,Tidak,,,Ya,3,5,5,suka,3,4,3,4,1,2,3,2,4,1,Belum terpikirkan,Bimbingan belajar dari teman sepantaran
11/3/2024 8:22:02,NOname292,20,laki-laki,Informatika,5,5,5,5,0,Tidak,5,5,Ya,5,5,5,5,5,5,5,5,5,5,Tidak,5,Tidak,Ya,5,5,5,suka,5,5,5,5,5,5,5,5,5,5,Pengaruh teknologi dan lingkungan pergaulan.,Tidak malas.